Id,CustomerNumber,Name,Prefix,Surname,ZipCode,HouseNumber,Street,Email,PhoneNumber
{661F47B2-F591-4034-A0D2-001B66B2BA07},756,Brittney,ten,Brager,5046MN,95,Duiventoren,bbragerkz@spiegel.de,+238 (644) 338-7070
{65A4D475-198F-40AB-A78E-00539EDD4C2E},730,Kelley,,Thurborn,5171NB,57,Capelsedreef,kthurbornk9@census.gov,+86 (710) 121-2029
{8EC2D548-AB47-42EE-95F1-00EB2EB4796A},209,Cherilyn,,Cocklie,6416SK,78,Staringstraat,ccocklie5s@ucla.edu,+62 (552) 596-7111
{B6C02E8B-76A4-4EDD-AE80-00F9CE3F297C},155,Frederico,,Boise,1066MS,34,Laan van Vlaanderen,fboise4a@shop-pro.jp,+63 (841) 737-1953
{70B77D95-D14C-4CF5-9776-014CE8B7448E},245,Novelia,,Becconsall,2036RM,60,Engelenburg,nbecconsall6s@imdb.com,+86 (449) 725-3526
{B2AD9A34-85C9-423D-8CF6-01AC81C38B3E},578,Silvie,ten,Dufaur,1619AE,90,Kerkepad,sdufaurg1@xing.com,+49 (839) 576-7520
{4BB0195C-ACD3-4C37-913F-01CC60657BE3},266,Sheffy,,Shier,6104AV,62,Op de Driessen,sshier7d@posterous.com,+1 (561) 474-0342
{46EE239C-89D8-408D-849F-025CF1E94866},648,Hazel,,MacAskie,6006TE,39,Grotesteeg,hmacaskiehz@yelp.com,+36 (307) 532-7068
{6F569398-2E11-4442-B52F-02B26973004D},650,Nathan,,Cagan,3864MM,65,Veenerf,ncagani1@sphinn.com,+52 (970) 806-4350
{3126F877-96BE-4888-B47A-02F27450E8C5},732,Cassius,te,Couser,3764TV,14,Albert Cuyplaan,ccouserkb@goo.ne.jp,+7 (628) 682-2558
{DC5D52F9-A646-472D-AC8D-0308D83214CD},328,Patrice,,Motto,1433HK,9,Stichtse pad,pmotto93@163.com,+63 (843) 512-1022
{46113AA2-AB53-4FB9-97F4-0345C720F70D},624,Lou,,Arno,8024EB,31,Tinbergenlaan,larnohb@list-manage.com,+62 (973) 918-6599
{9B88F0D4-4E93-46D4-8FCD-03AEA0C7BA01},460,Chiquita,ter,Shenton,4824DT,98,Schippersdonk,cshentoncr@prlog.org,+507 (814) 840-5619
{192D3F15-AD40-4966-B236-03BB778E8424},625,Averil,,Habbon,6971NB,55,Het Grasland,ahabbonhc@google.it,+62 (274) 161-4189
{B210A5F4-017E-482C-8F23-04990314DEEF},384,Garret,,Trosdall,9402RH,77,Vennebroekstraat,gtrosdallan@merriam-webster.com,+52 (383) 263-4508
{C6EF0117-A3EE-4481-A202-05067711EF59},558,Chloette,,Blackney,9602TN,3,Thorbeckelaan,cblackneyfh@example.com,+380 (473) 135-0744
{64E05D05-AB85-4B4E-9678-05418F21797F},13,Berty,,January 1st,3844AH,79,Rooseveltlaan,bjanuarystc@slate.com,+850 (578) 105-6006
{49677055-3A87-4781-BB3B-054285151AEF},833,Cherise,van den,Braferton,5025MB,3,Roggestraat,cbrafertonn4@dedecms.com,+46 (463) 188-0149
{33490663-5772-4F15-A3CB-05704A460DF8},659,Bear,,Bleesing,5612DX,60,Venbergsemolen,bbleesingia@ow.ly,+33 (316) 103-2410
{1D6F718D-17F8-46B2-A108-057957FDE538},839,Sergeant,te,Scardafield,7442TN,59,Reviusstraat,sscardafieldna@ca.gov,+7 (783) 672-5871
{5604B5F2-208B-4AB3-874B-05DC0EC40DFF},814,Tina,ter,Durdle,5042JA,65,Brunostraat,tdurdleml@tumblr.com,+63 (242) 199-5323
{1E6C735E-EDE5-4C79-BBE3-05F4292F0AF4},739,Kelly,von,MacWilliam,9781MD,78,De Eiken,kmacwilliamki@huffingtonpost.com,+86 (377) 179-9987
{47238537-7006-41F3-AC3D-060B922C50A5},371,Karry,,Geockle,6602XJ,49,Blauwe Hof,kgeockleaa@1688.com,+30 (923) 498-3602
{6DB23FDC-8E48-4627-9EE4-060BEF1F2F4A},526,Quentin,ten,Giscken,6717XZ,72,Spinnerij,qgisckenel@ebay.com,+62 (903) 463-2164
{96897399-7C45-4D5A-9909-06389C65A944},588,Melisenda,,Reeders,9073GA,18,Hearrewei,mreedersgb@biblegateway.com,+7 (875) 817-6262
{EA9C3D78-BC72-49C7-8439-06B6C02C158B},700,Baudoin,te,Duggen,5667KT,8,Spaarpot Oost,bduggenjf@dagondesign.com,+55 (904) 793-8785
{B420A8C4-307F-4FC2-9C55-06D29A89AC82},26,Cornall,von,Probart,6006CA,10,Louise de Colignystraat,cprobartp@friendfeed.com,+7 (344) 308-3414
{021B5502-9B59-4EB5-90E4-06DC0A7FDA4E},913,Britt,ter,Barrass,1422NW,37,Zevenblad,bbarrasspc@privacy.gov.au,+33 (824) 278-6400
{4AC8AA7A-913A-4729-9281-06F7F52F9B45},767,Errick,ter,Maitland,6295AH,41,Klaasvelderweg,emaitlandla@springer.com,+46 (765) 244-0862
{7C58B0AB-24D2-41BB-9F43-079669CCF5AE},579,Matias,,Wolsey,7433AD,39,Oerdijk,mwolseyg2@gmpg.org,+84 (372) 639-0589
{09C7B1F0-1ADF-4D1A-9F70-07A5D00238C3},94,Nissa,ten,Stigger,2025ZJ,18,Kievitstraat,nstigger2l@marriott.com,+66 (780) 996-1131
{1FB2682C-3F05-44B9-977D-085A4C077BEE},313,Eward,ten,Mantram,1327HB,86,Jool-Hulstraat,emantram8o@ebay.com,+880 (500) 983-5596
{4AEB8B2B-C0B6-4872-B23C-086F09B4E4B9},554,Daisey,,Branthwaite,7468BS,61,Julianastraat,dbranthwaitefd@google.pl,+55 (132) 970-1978
{EDD18D36-BF0C-4252-B9FA-08924E59308D},396,De witt,ter,Haysman,7411GH,60,Bokkingshang,dhaysmanaz@dell.com,+598 (781) 611-7658
{B5616D8D-48D2-45A8-BDFC-08942C16D8C2},52,Dane,von,Leworthy,1274NH,97,Oostkade,dleworthy1f@hexun.com,+31 (995) 700-2500
{A66F5F3D-3B40-455F-B0CC-08964BD181F4},591,Reine,van den,Dougliss,8441EX,14,Dahliapad,rdouglissge@miitbeian.gov.cn,+57 (759) 877-1979
{B435D84B-266B-4D6F-BFEE-09076E9F9ADC},501,Marc,ten,Blastock,5551MD,84,Wannerwei,mblastockdw@google.com.au,+54 (341) 393-6893
{AFC8DC4D-AC56-4C03-AC63-0934FD8C6151},467,Dunn,,Obbard,9462TV,19,Hoogte der Heide,dobbardcy@pinterest.com,+232 (415) 619-7990
{5226B9F1-45B8-48D0-9F57-09567D16F015},123,Perceval,,Mattielli,7985NP,68,De Eikenhorst,pmattielli3e@cornell.edu,+970 (487) 732-6765
{4428A2C5-B5B6-45C0-B832-099FC319DF2A},613,Roxanne,,Dunmuir,6351ES,13,Kommerstraat,rdunmuirh0@walmart.com,+86 (304) 850-1580
{DC85447C-AE37-4311-B45E-0A02F33BEAE6},96,Bili,ter,Hair,3551AD,17,Schutstraat,bhair2n@lulu.com,+51 (640) 538-4748
{174D913A-5593-4C20-9695-0A72AC8B5326},263,Datha,,Jimmes,1399KB,40,Nienhuis Ruijskade,djimmes7a@bloglines.com,+502 (190) 707-1137
{A1B66005-8ACD-4056-B00A-0A81C96EC754},468,Arabelle,,Rawsthorne,1083AC,39,De Borcht,arawsthornecz@usda.gov,+373 (535) 959-0998
{383D8520-54A8-4562-97A9-0B4912D73546},321,Humberto,,Niche,3571ZP,76,De Vooysplantsoen,hniche8w@barnesandnoble.com,+33 (296) 314-0403
{81BE921F-2047-49B7-B049-0B734645AD66},907,Haleigh,te,Quarrington,3892AJ,44,Kamille,hquarringtonp6@amazonaws.com,+62 (848) 254-7209
{3B82D5F2-89AD-4760-90DC-0B7903CE912C},195,Phaidra,,Holburn,3925EZ,16,Bruinhorsterlaan,pholburn5e@ustream.tv,+46 (679) 660-5545
{93ECCBC5-916A-4C69-BC83-0BFDC986C84A},222,Graham,van den,Crebott,3541SJ,19,Theeweg,gcrebott65@economist.com,+62 (154) 238-3187
{35FF9ED4-65F9-4D1E-984D-0C2E79478BD6},922,Marja,,Ettritch,6216XD,2,Silexstraat,mettritchpl@nyu.edu,+55 (255) 977-4900
{425533F9-6F43-4821-A9F5-0C59FDADB2DD},711,Bancroft,ten,Calloway,6419CS,97,Weltertuijnstraat,bcallowayjq@who.int,+249 (479) 143-5160
{85B33F39-0AA0-4C05-92F0-0D0910F1D979},892,Ebonee,ten,Twentyman,8051BD,2,Eikenlaan,etwentymanor@soundcloud.com,+86 (759) 470-0023
{FF129064-29AC-4A05-87B7-0D496A64EF0D},338,Basile,,Gullifant,9461VB,49,Vlaskamp,bgullifant9d@hexun.com,+255 (891) 587-5748
{0340DCA3-15A9-4518-855A-0DA21AD8DD4B},277,Jean,ten,Rumble,5702TN,17,Mercuriuslaan,jrumble7o@example.com,+51 (331) 221-8791
{C3096C18-CA4D-4804-9322-0DD416449C98},91,Juieta,ten,Almak,1011AB,15,De Ruijterkade,jalmak2i@archive.org,+963 (884) 417-4525
{6E150539-B751-4694-BE1B-0DDA17C60E6B},671,Delly,,O'Kynsillaghe,8022AH,75,Meppelerstraatweg,dokynsillagheim@purevolume.com,+249 (945) 247-9376
{7D6D0159-07C1-4354-869A-0EEB1D742BA5},132,Kimmi,ter,Fieldgate,1446TH,81,Pascalstraat,kfieldgate3n@indiegogo.com,+380 (640) 436-1982
{F945E15F-48FE-4ECE-B160-0F1B38EF2761},514,Brooke,te,Conman,8371WL,21,Kooibos,bconmane9@yelp.com,+44 (537) 696-0456
{55560159-04C0-4234-B12D-0F6CF961E1AF},184,Abramo,,Simone,5653AV,76,Regerweg,asimone53@ftc.gov,+48 (784) 260-5618
{49B9A282-3FC1-41F2-8C20-0FC8631B31F5},614,Eolanda,,Abdon,9468HD,92,Strengakkers,eabdonh1@acquirethisname.com,+1 (208) 204-3698
{7812AD81-EC8A-47FD-AE68-0FDE877082D2},29,Derrik,,Cowlas,4731EJ,77,Vredepark,dcowlass@thetimes.co.uk,+679 (742) 985-9397
{8BCEF67C-A940-4D0B-BD1C-114724BBBD08},560,Edna,,Mattimoe,7054BL,76,Doetinchemseweg,emattimoefj@mediafire.com,+46 (468) 208-1647
{7177D73A-7E3E-4C7F-B789-119528AE99F3},152,Shermy,ten,Benini,7545ST,85,Dr. Eekmanstraat,sbenini47@buzzfeed.com,+86 (348) 338-8854
{65F3AC5B-3234-4CD4-AC61-11FFA685424D},75,Ban,,Northage,9617EN,24,Johannes Petri-laan,bnorthage22@purevolume.com,+92 (572) 155-7317
{89B34F38-BCEA-47D9-B2CB-129D6F47E255},112,Martino,,Bohin,5467KG,86,Zuringveld,mbohin33@google.com.hk,+62 (344) 997-1290
{6D0561FE-1144-4B09-B402-12D690FCCB23},969,Travis,,Brummell,6294AR,28,Vijlenberg,tbrummellqw@ovh.net,+86 (268) 416-5318
{052C746A-34FD-4E3F-B2C4-12EB6DB75207},27,Avrit,,Lapwood,5611SK,24,Geldropseweg,alapwoodq@mit.edu,+359 (788) 102-5609
{5BD57DAC-EEAE-4121-8092-131ACB4C7158},480,Wes,ter,Airs,1601HL,73,Meidenmarkt,wairsdb@harvard.edu,+55 (494) 460-6653
{037D9F72-B4B2-49B5-8A6D-1397FA97A02B},745,Rolf,,Kenion,5581JD,52,Burgemeester Uijenstraat,rkenionko@pinterest.com,+63 (883) 119-4718
{F9135159-7624-4726-818A-139BDC5C86E0},127,Minnie,ter,Manklow,4131CS,9,Buizerdlaan,mmanklow3i@deliciousdays.com,+1 (330) 566-8737
{6D4714A5-A507-441F-A272-1427D7DB8D20},837,Frazer,von,Gridon,3431GA,16,Mondriaanlaan,fgridonn8@msu.edu,+86 (487) 285-0064
{9FB6A18A-A998-4B78-958E-148C32E23699},803,Michele,,Pounsett,3761AT,78,Paulus Potterlaan,mpounsettma@trellian.com,+86 (205) 302-3386
{DA3A8537-D00F-4A98-BCA6-148CF728C1A1},206,Bourke,,Bannester,5808AG,63,Castenrayseweg,bbannester5p@cmu.edu,+86 (648) 607-7098
{AEE9D049-FB2E-42F3-A83D-14B2FE5A22EF},110,Anny,von,Coombe,5046NP,31,Christinahof,acoombe31@cmu.edu,+258 (987) 451-5643
{01EB4869-3F51-46AA-94E0-15D068375395},456,Tobye,,Palfreman,7651HE,19,Klarinet,tpalfremancn@berkeley.edu,+62 (864) 313-3322
{70710EC8-49B7-4428-BE99-1607E2DB7D75},930,Scot,,Scedall,5022AR,73,Parkietstraat,sscedallpt@360.cn,+33 (886) 505-5721
{FA4873C1-E46D-4407-A267-160E28C32A07},569,Christiane,van den,Lounds,4814RX,63,Kruisvoort,cloundsfs@redcross.org,+351 (475) 991-1357
{7157647E-D0FB-4C11-A4DC-161232441E14},884,Gregory,,Cockshtt,6321AX,60,Vosheuvelweg,gcockshttoj@unicef.org,+351 (959) 580-9632
{AF1DEEFF-447A-450C-BBAF-161C224F0F75},77,Eduino,ten,Rushforth,3442GE,95,Lindenlaan,erushforth24@ebay.com,+7 (283) 338-1169
{9C48669D-61D7-4F4F-8E66-164AEE164E0B},991,Andris,,Thorndale,5401NE,38,Nonnenveld,athorndaleri@163.com,+62 (523) 842-3539
{00B92BC0-BD18-43FE-BE8F-16718C0262F2},159,Della,ter,Sarrell,6227SK,10,Sint Josephstraat,dsarrell4e@cpanel.net,+43 (622) 631-7945
{2570F73C-CDFB-42D8-A86B-16B880CBB347},395,Allix,ten,Ebunoluwa,7081JE,78,Kalmoes,aebunoluwaay@chicagotribune.com,+7 (239) 892-5310
{B96D68CB-9F8A-44DA-BBAF-1718FD129EE7},681,Lorry,,Forst,7009LL,86,Schermhorst,lforstiw@dagondesign.com,+62 (262) 131-8385
{2C6EC20D-DAE3-4B0E-B859-172AD8AFD065},83,Bondon,,Sifleet,7554NZ,74,Wullenweg,bsifleet2a@youtube.com,+86 (479) 799-2426
{589A71B5-788D-4089-9414-17BE27C96685},12,Shelia,ten,Lecointe,6041HP,3,Willem II Singel,slecointeb@dailymotion.com,+93 (257) 341-7389
{AAE2688A-AD59-4E0D-89E5-1852A5BCFF4A},393,Elbertina,,Waiton,7462VR,98,Van den Broekestraat,ewaitonaw@slate.com,+86 (761) 134-0564
{5AA6F485-0855-4488-8F04-185B7DF27FCB},713,Lilli,,Sperry,7741RH,46,H Roland Holstln,lsperryjs@ow.ly,+223 (277) 402-3123
{ABC5F23F-706E-4465-A1E7-18649C380077},218,Nolan,,Simenon,5044HL,13,Reinevaarstraat,nsimenon61@cdbaby.com,+86 (600) 180-3355
{684DDB66-B81F-43B6-9DDC-187CF9C31258},457,Maybelle,,Greensted,1074XW,76,Tweede Jan van der Heijdenstraat,mgreenstedco@liveinternet.ru,+66 (990) 292-4871
{C1B008F2-B7B9-4FE8-8D7F-18C5E2FA72D6},522,Natividad,,Leverington,7707BV,10,Regentenlaan,nleveringtoneh@marriott.com,+994 (169) 104-7106
{CE7E5151-0C5F-404A-9F9C-19082BFB67BF},598,Roanna,,Bergstram,1613DK,39,Habijt,rbergstramgl@pcworld.com,+63 (887) 643-4074
{ACA9DA67-071A-4204-80DF-197469107FA8},87,Clerissa,,MacGibbon,4761NL,79,Dubbelmonde,cmacgibbon2e@google.com,+63 (856) 297-5141
{1180E852-BB08-4F2C-89AC-19D2EF385132},698,Juliet,,Pickard,6097NG,55,Bosmolenweg,jpickardjd@epa.gov,+48 (506) 118-3371
{02B545A1-F978-4307-BE87-1AC741D6B438},886,Enid,,Cook,9727HA,98,Parkweg,ecookol@twitter.com,+47 (561) 477-2252
{C3F74243-9B62-43F1-AB99-1AD152CEC58F},644,Lexi,,Blagbrough,6439AG,87,Valderensweg,lblagbroughhv@army.mil,+374 (972) 569-3784
{03498E1B-232E-4D5B-BC12-1B593248E507},154,Fonz,,Pepys,1811KD,41,Molenbuurt,fpepys49@gov.uk,+503 (766) 376-0858
{DA94C840-F092-48D4-A5CB-1BD070B577F0},210,Gothart,,Forsaith,6367TN,26,Strijthagenstraat,gforsaith5t@dot.gov,+31 (434) 640-3876
{D04A713B-AE9D-4B79-ABC7-1BE8E4C9E6A5},675,Christos,ten,Youson,8032JR,55,Volkerak,cyousoniq@joomla.org,+86 (117) 234-6368
{6B17F9FC-91CA-45E9-999E-1C39E48EE10F},71,Eric,ten,Farrell,6065EJ,74,Stationsweg,efarrell1y@ed.gov,+45 (604) 809-3350
{F4DF4B9A-5771-4A04-AD51-1D13278D291A},531,Adrien,,Trevino,8032NP,95,Anrijperdiep,atrevinoeq@independent.co.uk,+55 (775) 749-7450
{2546FF36-F12A-47D3-856B-1D20631F97D4},228,Annnora,ten,Poulston,6171GL,60,Steenwegstraat,apoulston6b@sciencedirect.com,+51 (158) 488-9738
{CE5B7E14-368A-4AC0-AF71-1DDBBE6C8EF5},183,Angeline,,McClunaghan,5018HA,96,Ringbaan-Oost,amcclunaghan52@foxnews.com,+86 (227) 133-1706
{CD69F02B-62FD-4C3D-AA02-1E10945A83EB},424,Nissy,,Wynett,1852AR,80,Westerweg,nwynettbr@answers.com,+502 (492) 259-8564
{99E3C36C-821E-4B9D-B3FF-1E31C01A2920},85,Karil,,Tofpik,8861AZ,68,Noordijs,ktofpik2c@wsj.com,+62 (213) 466-7074
{1A03D986-D4C0-4622-9D4E-1E42A14E6FED},180,Gunter,te,Petrasek,2011NP,17,Kinderhuisvest,gpetrasek4z@uol.com.br,+7 (319) 246-6310
{9021F8B2-A792-4DA1-8056-1EDCE2484B38},265,Tomlin,van den,Buckleigh,1083HC,62,Mensinge,tbuckleigh7c@constantcontact.com,+63 (156) 992-4837
{02EF1AAE-4A5F-480F-AA05-1EFC649793E6},744,Woody,ten,Obee,9403NN,77,Schatgoorn,wobeekn@woothemes.com,+359 (546) 636-4622
{188A8B5D-6E5B-4E2B-908D-1F11FC2E591A},962,Wylie,te,Petschelt,6673MA,86,Waalstraat,wpetscheltqp@webnode.com,+46 (782) 545-9375
{95E53D98-82C2-414F-B44B-1F9EC4235C33},452,Algernon,,Idell,6524AJ,18,Wilhelminasingel,aidellcj@unblog.fr,+7 (406) 278-4088
{5B6B31D8-2B34-49EA-82A4-1FDC778ABD06},971,Aurelie,,Bazelle,2132BV,2,Hoofdweg,abazelleqy@devhub.com,+84 (749) 269-9595
{35B130DB-0056-4B67-90FA-201EBD7A8F5A},773,Patton,ten,Gaskin,7542CW,46,Otmanlanden,pgaskinlg@latimes.com,+62 (526) 507-3839
{20C1C896-E921-4C8B-BC48-2049EFEED9A6},835,Herrick,ter,Eastbrook,5531MB,96,Rootven,heastbrookn6@joomla.org,+420 (608) 656-1972
{B2EE22A0-EF81-4281-8215-20F20C0BF5A2},172,Heriberto,ter,Harnott,4841SX,63,Geerakker,hharnott4r@ebay.co.uk,+351 (183) 132-4333
{84C8D9A4-15F9-4F21-BB7D-20F7AC26074B},308,Juline,,Bullan,6191AC,39,Maastrichterlaan,jbullan8j@intel.com,+7 (983) 437-5126
{35B5E183-13F4-4E93-8BF1-21BA8D311271},274,Ermentrude,,Denton,5911HK,90,Jodenstraat,edenton7l@hp.com,+46 (969) 995-2369
{9273A98D-192F-4725-A08B-21BD84E9C55A},946,Hestia,ten,Pauleau,5344EA,44,Lisztgaarde,hpauleauq9@npr.org,+86 (521) 936-1846
{1B13B8F9-3253-47CD-BF2C-224F7CEE4672},79,Enrichetta,ter,Allder,8096BD,73,Zuiderzeestraatweg,eallder26@senate.gov,+51 (328) 121-7423
{286E980D-0D06-4006-B2D4-22AF694215CE},140,Craig,te,Marchelli,8023DG,74,Marie Koenenstraat,cmarchelli3v@slashdot.org,+593 (521) 767-2418
{43C1D147-1FA3-42B2-9F7C-2393EDB0759A},68,Marchall,,Reary,1511BA,2,Westerstijfselmakerspad,mreary1v@tinyurl.com,+54 (650) 353-0480
{B370D594-D5D8-4594-850A-240B8B5CF60F},356,Catha,,Mewett,6541ZW,15,Biezenstraat,cmewett9v@angelfire.com,+62 (558) 849-9458
{E1A58699-C79A-431F-959F-2492BE2DD6F5},576,Druci,,Smalles,6291CH,14,Bosstraat,dsmallesfz@virginia.edu,+7 (721) 561-1615
{CD243D94-FBC1-4B26-B81E-24E1136846D8},92,Neill,ter,Gribble,1814JA,6,Louise de Colignystraat,ngribble2j@abc.net.au,+62 (810) 428-7510
{48BF5327-43A0-4F69-94D1-24EB80EACC81},672,Boone,,Amiable,3871HE,14,Spechtlaan,bamiablein@bigcartel.com,+7 (889) 806-8552
{17C85A2E-609B-4562-8020-25202EAFF21A},637,Letti,ten,Ginity,6578AK,59,Pastoor van Tielstraat,lginityho@dot.gov,+420 (915) 706-7373
{97B1B80B-20CE-491E-BF43-256755E05ADD},714,Rhoda,ten,Milesop,1814JR,84,Frederik Hendriklaan,rmilesopjt@youku.com,+51 (457) 199-3665
{29579284-FBA9-4B61-A85F-27955DB31038},43,Corella,ten,Mazonowicz,5022KB,54,Professor van Buchemlaan,cmazonowicz16@digg.com,+86 (409) 251-8612
{3119A796-3B7E-4B37-9FCF-279C33463DFA},765,Frank,ter,Fothergill,9716GA,15,Jacob Catsstraat,ffothergilll8@shop-pro.jp,+7 (313) 266-7306
{1409C962-7639-41CC-825F-27DDFFA27E5D},28,Olwen,ten,Kightly,5707TC,68,Cortenbachstraat,okightlyr@biblegateway.com,+63 (530) 893-8379
{26E7621C-D612-4E9B-89C8-2814C5D17B1B},846,Willow,,Downes,5971PL,92,Nieuw Erf,wdownesnh@surveymonkey.com,+221 (705) 105-8090
{210D9F55-7203-4B51-B90D-29072F04D308},494,Rutherford,ter,Izachik,8851GD,81,Evert Sybesmastrjitte,rizachikdp@about.com,+856 (144) 849-9813
{52AFFE9A-4ACA-423A-81AA-290AFA062A33},589,Wilhelmina,te,Glendining,7468CB,67,Hogebrink,wglendininggc@w3.org,+62 (191) 616-5686
{A2CFE137-D908-4D6C-8B78-291DC669E35C},135,Osborne,,Witterick,1141RV,85,Calvercamp,owitterick3q@twitpic.com,+62 (166) 219-9821
{B4512F96-4A6E-4547-AE6B-293EEFEC266B},329,Evy,te,Fernyhough,7326WC,46,Kunstenaarshoeve,efernyhough94@trellian.com,+355 (759) 189-7189
{F97D0F42-80FF-4781-9CE9-29C24A993FDC},599,Bianca,ten,Organer,5035EG,81,Ravensteinerf,borganergm@example.com,+55 (445) 621-4282
{E9BF55AE-D721-4F87-A518-2A2D291B4D84},954,Cortie,te,McConville,7103AG,23,Rembrandtstraat,cmcconvilleqh@cdc.gov,+62 (941) 961-5301
{902F8A83-22EB-415A-9705-2AA4545A3BD1},441,Charlotta,,Fruchter,1363VB,77,Polluxstraat,cfruchterc8@jimdo.com,+30 (607) 453-6900
{36FED3F3-5037-49D9-A849-2B65C9FAE677},795,Marybeth,te,Drewitt,8262VB,34,Koning Abelsingel,mdrewittm2@joomla.org,+86 (146) 551-2080
{B3B967AD-8DDA-4425-ADA3-2B7E31FC1E36},425,Benito,ter,Sellors,6824BV,55,Tivolilaan,bsellorsbs@printfriendly.com,+261 (916) 680-6084
{62659398-9215-4FB6-9F89-2B907DF2E565},615,Mandi,ten,Steynor,3776MP,75,Ravenweg,msteynorh2@macromedia.com,+92 (767) 743-4618
{66212DD9-8A6B-4A7A-A95D-2B956195482A},488,Suzi,ten,Deaconson,1474HC,34,Westeinde,sdeaconsondj@about.com,+86 (779) 260-3679
{8DEBDB6B-AFF8-4772-B0D6-2BC574EA331F},568,Ives,,Verson,5017AH,24,Lourdesstraat,iversonfr@alexa.com,+48 (230) 541-4334
{61A06AFF-201D-43C2-9759-2BFEFD5B5BC7},113,Lida,,Houseman,4001NB,13,St. Agnietenstraat,lhouseman34@so-net.ne.jp,+351 (628) 780-2957
{C0A32903-35A6-4AD8-A70B-2C4AA970B7BE},438,Rosanne,,Pirnie,3701EN,94,Stationslaan,rpirniec5@freewebs.com,+962 (382) 345-3002
{892AB6E3-F998-4F82-8D43-2C4F7EA75363},889,Benjy,,Kembry,6444DT,21,Pijlbrem,bkembryoo@mtv.com,+62 (541) 470-6895
{A8FF0967-76EA-4027-8FA5-2C880CFAB463},211,Erin,ter,Kleinmann,9756AH,9,Rijksstraatweg,ekleinmann5u@lycos.com,+86 (878) 394-8172
{92AEA84E-DF22-40A9-990A-2CD6DC733AB5},513,Petrina,,Lorek,7324CN,9,Koraalzwam,ploreke8@friendfeed.com,+358 (384) 356-9143
{07A53B8A-8026-4875-9035-2D3886AB231D},937,Norby,ten,Copestick,8315AH,20,Lange Brink,ncopestickq0@360.cn,+55 (478) 195-3265
{0B626ED4-A1CD-4262-A3C6-2D61AE76D702},548,David,,Spire,1251NH,94,Graafland,dspiref7@latimes.com,+7 (431) 552-7151
{6BC4D370-59A9-4AFF-9025-2DEE972D3270},202,Netta,,Hartgill,5651EL,38,Lochemstraat,nhartgill5l@wsj.com,+51 (793) 312-3323
{CB4F6761-40DB-470D-95F8-2E1BB4D767E4},121,Nora,ter,Pointer,9724CG,46,Oosterweg,npointer3c@blogtalkradio.com,+20 (493) 416-4951
{9D60BA4D-AF1E-4FAB-B876-2E6C4B0E140E},654,Eli,ten,McWhirter,6811DE,64,Koningstraat,emcwhirteri5@cam.ac.uk,+351 (524) 676-8023
{826568B2-9074-46A1-B763-2E6FC9AEA549},370,Mikol,,Tolson,3903AJ,4,Ambachtsstraat,mtolsona9@opera.com,+62 (355) 497-0869
{72CF684B-BDC7-4877-877F-2EFFAD480823},887,Elena,te,Shrimpling,8223DX,22,Berkel,eshrimplingom@w3.org,+62 (944) 577-0352
{84BBECC1-96F1-4DC8-B07E-2F8E19A805F7},9,Ermina,ten,Wince,6417GK,7,Douve Weienstraat,ewince8@census.gov,+970 (799) 889-0820
{C8B13BF3-97AC-4AB4-ADA4-2FE9782FD399},882,Celinka,,Greatreax,8033BK,70,Rutbeek,cgreatreaxoh@mozilla.com,+51 (314) 568-0637
{54908498-C6D8-44DA-9E44-307A470E9E8C},696,Stormi,te,Chadwen,6851CR,88,Frankenstraat,schadwenjb@slate.com,+420 (388) 823-0950
{5255DF41-09B9-490A-9C38-30D668A43E9A},60,Enrique,,Wixey,1319EK,69,Bonnet,ewixey1n@sfgate.com,+258 (125) 508-4310
{A04D4192-88BE-4742-BEF6-31C0E7802090},956,Marsh,,Kopmann,2061BR,46,Saxenburgerweg,mkopmannqj@wix.com,+86 (776) 104-9489
{B0B3103B-9C66-40F7-973C-31C1B29C1F26},750,Frederick,te,Umpleby,6151GT,2,Burg. Ramakersstraat,fumplebykt@mtv.com,+55 (213) 487-4037
{9D5B8971-DC1D-47EC-B519-31FD05A70651},808,Vera,ter,Layburn,5022AD,39,Leijparkweg,vlayburnmf@soup.io,+1 (304) 862-5639
{39E1715C-6356-4D00-BA8E-33847C770DCB},23,Felecia,,Heddon,6235CB,46,Beekerweg,fheddonm@mapquest.com,+963 (331) 784-9222
{8C330F21-A931-49AF-AF61-33CBB7065404},346,Celene,,Dommerque,7038BW,37,Kilderseweg,cdommerque9l@pagesperso-orange.fr,+86 (222) 494-8785
{B9AFB058-E52E-4C0B-8AA9-34981A9C9882},692,Caryn,,Klimochkin,9714AC,45,Korreweg,cklimochkinj7@usda.gov,+52 (293) 823-8245
{A4E781A3-1661-430E-AC11-34ABA4BAFA99},339,Swen,,Flanner,2015KA,48,Munterslaan,sflanner9e@hugedomains.com,+62 (632) 781-0576
{BF71EF16-A9A7-44AA-A530-356BBC8FEAE5},645,Jillene,ter,Fulloway,9951ED,90,Haven,jfullowayhw@wordpress.org,+48 (475) 144-6296
{AB3001E5-8C44-4659-8B9F-357D75CA9DF3},30,Euphemia,ten,Spens,4825AM,58,Kalshoven,espenst@addthis.com,+420 (912) 558-9238
{E2BF4AA7-7013-430D-AFA9-35BD248CF679},515,Juan,ten,Weight,1058KD,69,Haarlemmermeerstraat,jweightea@npr.org,+62 (128) 780-9027
{BF53044B-80F9-434B-9CC2-369AC525EF3B},828,Sib,,McKeowon,8433LZ,33,Meidoornlaan,smckeowonmz@free.fr,+389 (191) 980-5166
{A9773478-0B73-4FB7-81F3-3736B7EC1040},117,Anastasia,,Battle,2037AR,26,Costa del Sol,abattle38@photobucket.com,+222 (609) 739-7938
{303A396A-D99E-4933-8417-375B864F04F7},181,Dunn,von,Balhatchet,7471DW,28,Roerdompstraat,dbalhatchet50@meetup.com,+63 (474) 801-7410
{87851043-F18F-49A1-8867-380807DCF686},76,Danella,,Frankowski,4741CZ,10,Lekebroedersstraat,dfrankowski23@springer.com,+33 (579) 782-4747
{6C3A0AF5-2E19-43EB-A7D6-38488FBB6505},503,Ofella,,Robelow,1025RK,39,Amelandstraat,orobelowdy@example.com,+33 (651) 541-7006
{FB8F93B1-D2A7-415B-AC74-3857AEEF962C},300,Korrie,,Toler,4714RC,31,Kerkeheidestraat,ktoler8b@ca.gov,+46 (346) 420-9378
{C87ABB9F-E861-42BB-A07F-38957DD3A85C},721,Selie,,Peter,3524DH,73,Karpaten,speterk0@prlog.org,+7 (284) 516-2712
{16AAB93E-53EE-403B-8838-396A4EA28947},559,Doloritas,,Bernuzzi,6085DM,68,Bosscher-ven,dbernuzzifi@narod.ru,+86 (215) 589-8394
{F2740B60-1103-4BD8-8536-3A3C96B6E373},608,Zacharia,ter,By,6862WK,32,Benedendorpsweg,zbygv@csmonitor.com,+86 (998) 115-9118
{EC7FF4F5-161D-4CB6-B63C-3AE9A3FB1C7D},905,Cicely,te,Bruneau,1633EN,88,Grosthuizen,cbruneaup4@bandcamp.com,+86 (414) 417-4618
{A1F9C5D0-6C3B-4EF1-80B5-3B0CA12DDCC4},416,Eustacia,,Glasner,6814AH,73,Cronj&#233;straat,eglasnerbj@devhub.com,+62 (204) 779-8155
{4CD0F0E0-95ED-44DF-AD6D-3C76C160C530},474,Julian,ter,Doumer,6523DK,51,Acaciastraat,jdoumerd5@jiathis.com,+86 (214) 681-7802
{DE54C2DB-4AF7-439E-A9A0-3CF3826A0A5E},662,Alta,van den,World,5431AM,20,Braspenningdreef,aworldid@addtoany.com,+7 (744) 976-9483
{D7772B11-65D1-4C41-8E46-3CFD43F2CDF4},904,Renelle,ter,Dilleway,7577MG,31,Luxemburglaan,rdillewayp3@imdb.com,+84 (627) 455-8004
{4A87E033-4BC5-4A4C-B931-3D03FD989816},276,Cecilius,,Moggach,1217NK,23,Albertus Perkstraat,cmoggach7n@yandex.ru,+62 (841) 703-1820
{9041A1FE-D4F3-434C-837F-3D52308F715A},20,Norbie,,Ends,3257CC,2,Maximaplein,nendsj@hibu.com,+86 (570) 397-7758
{FBAA392E-9C92-4EDD-BA53-3D54F67DD15A},322,Milo,,Trobey,1432MH,87,Vlinderweg,mtrobey8x@baidu.com,+55 (942) 353-0298
{3331DE9F-2F2B-463B-93D6-3D9661E08AA7},285,Shari,ter,Dole,1082NN,73,Geervliet,sdole7w@omniture.com,+372 (717) 309-3195
{CFBB3495-5D97-45BB-8961-3EE0633627DC},351,Rebecca,,Casson,3991ZA,15,Herfstpolder,rcasson9q@unc.edu,+33 (122) 888-9808
{7FF7FCC6-B9BD-4BB8-B03F-3F3530590760},959,Nathanial,ten,Elesander,1095MM,3,Geertje Wielemaplein,nelesanderqm@acquirethisname.com,+62 (933) 779-8864
{0099362C-C1E6-49E3-9BC7-405CC696D456},1,Jasen,,Baldi,1035BR,66,Walmolen,jbaldi0@seattletimes.com,+86 (689) 251-0473
{52C3C2B9-930C-46E9-AB2A-408610D213CF},960,Sidoney,,Giacopini,7577LL,36,Paukenlaan,sgiacopiniqn@sciencedirect.com,+57 (173) 772-9934
{D417846C-F386-4566-BF6E-40E4883FC624},872,Claudia,ten,Duxbarry,4823EK,18,Dwarsdijk,cduxbarryo7@issuu.com,+52 (876) 195-7703
{081DC8BA-1514-4AD0-982E-41033BFFEE71},925,Karna,te,Ortzen,6512GJ,99,Trompstraat,kortzenpo@cmu.edu,+380 (327) 894-4152
{D3FF638D-2E16-478F-91A5-411798123EF1},303,Lee,van den,Garmans,9698AN,30,Middenweg,lgarmans8e@irs.gov,+689 (989) 344-6595
{2847A608-3F91-4C02-BC07-419E2F9A109B},877,Agustin,,Readshall,5964NL,1,Crommentuijnstraat,areadshalloc@ning.com,+33 (883) 223-3960
{FF3DDB44-44A2-4242-AAA2-425A6923F31D},165,Sofia,ten,Venturoli,5931SP,19,Beemdkroon,sventuroli4k@discuz.net,+7 (658) 781-9602
{302F2B48-120C-43E8-8D68-42861EFE8BC0},878,Marcello,,Postle,8191KZ,28,Groeneweg,mpostleod@whitehouse.gov,+62 (670) 919-6495
{3A504219-9246-40C0-A45F-428C98DCDB3C},292,Sally,,Mennell,3703TM,47,Meent,smennell83@fotki.com,+86 (345) 335-8235
{45567959-C481-4EC6-88F5-42DB593E0C32},336,Dun,ter,Ziemecki,5144VL,29,Johannes van Breestraat,dziemecki9b@canalblog.com,+7 (697) 938-2192
{69CC03BE-DF3B-43C6-BC0E-43044F1C19A9},586,Tami,ten,Lafrentz,6713CJ,55,Buizerdlaan,tlafrentzg9@shareasale.com,+62 (558) 244-5883
{5AA22EFD-68BA-454C-AD11-431FB6E2C58B},197,Linet,,Callcott,8262AG,28,Kievitstraat,lcallcott5g@ameblo.jp,+46 (114) 786-4244
{07CDDBBE-AB83-4CAA-AF66-432418CC9B0A},305,Lucina,ten,Severn,9741CK,19,Vindicatstraat,lsevern8g@linkedin.com,+505 (940) 177-7636
{BE51B651-5C8A-4691-9DFE-4324757D03A2},289,Paola,,Neath,4841SN,97,Hertenhoek,pneath80@marketwatch.com,+62 (126) 208-5344
{4BB76B8C-A06B-4A10-94B8-43D69E8188BB},520,Kellina,,Fould,9405GG,67,Salland,kfouldef@oracle.com,+86 (352) 893-1391
{364B7851-BB56-4C0D-85FB-44C40AECAD61},697,Winnah,ten,Colter,4904PZ,90,Buurstede,wcolterjc@opensource.org,+86 (379) 825-2477
{D576C7AB-A914-4CD8-BBA0-455319476BE9},809,Kata,ten,Daber,3571AP,32,Frits Coerslaan,kdabermg@amazon.com,+51 (770) 912-3127
{2C73A526-A853-4722-BF29-457BDE058D25},747,Jolie,ter,Darcey,1971ZW,66,Cypressenstraat,jdarceykq@fotki.com,+7 (726) 351-4896
{7E44A332-8E12-4E25-B34E-45A53200E042},32,Mead,ten,Gircke,6921AK,79,Oude Tolstraat,mgirckev@i2i.jp,+1 (516) 366-0751
{F52939B2-FC30-4DC6-835D-45C52E996CE5},602,Rossy,,Jedrzejewicz,7623KG,28,Roosjespeer,rjedrzejewiczgp@springer.com,+63 (541) 533-9966
{27BEB555-C8A6-4ACA-B01A-461B868D52E3},517,Emmery,,Dytham,3461JD,18,Molentocht,edythamec@ftc.gov,+86 (307) 376-9238
{7F08D89F-C6A7-418A-B760-46482709DE5E},760,Lonna,ten,Grindley,7981EM,13,Raadhuislaan,lgrindleyl3@sourceforge.net,+86 (930) 804-6832
{CFF89655-1C14-48C5-87BB-46BDEB9F5845},226,Corbin,van der,Mayte,9231GE,19,Johan ter Schoeleweg,cmayte69@soup.io,+380 (914) 375-5717
{8DAF461A-3661-455D-9D22-48D44A370EB8},674,Keelby,ten,Roskelly,6369AM,6,Dorpstraat,kroskellyip@buzzfeed.com,+62 (911) 963-4956
{18E33ED4-4E64-48D4-A9B4-48FC01D18D55},230,Bobbye,te,Valti,5141PA,80,Taxandriaweg,bvalti6d@google.pl,+55 (999) 336-4306
{7205A65D-49C7-4A5C-A392-4988A30283A1},145,Davy,,Abramchik,5702SE,65,Basstraat,dabramchik40@prweb.com,+48 (429) 594-8279
{E1B8515F-B38E-4493-8C95-4A4B0178F3F9},401,Lorianna,ten,Cornish,5268KR,63,Guldenberg,lcornishb4@yellowbook.com,+84 (224) 445-2006
{C908551E-26F2-431B-B377-4A7B89306536},163,Alfonso,ten,Maybery,1161AS,54,Seevank,amaybery4i@youku.com,+7 (947) 819-6574
{BD892A3D-CE64-4F00-AB83-4AD93D3ED681},232,Christean,,Melburg,6045EJ,62,Kempweg,cmelburg6f@mail.ru,+420 (897) 573-4491
{063FF971-E1BC-4969-9AD3-4B28EE653670},312,Stirling,von,Leakner,4901ZV,69,Wiekslag,sleakner8n@washingtonpost.com,+57 (714) 697-9030
{939276FE-91F9-425A-A57D-4B2B9BC17A3C},411,Winnie,ten,Ubsdell,9011TB,63,Veltmanhofke,wubsdellbe@tripadvisor.com,+48 (798) 252-5310
{3E9F981D-C8FD-49E1-874B-4BD1820C9AB9},66,Morganica,ten,Thaxton,9408DP,29,Carry van Bruggenweg,mthaxton1t@fotki.com,+81 (485) 349-6891
{28150DB4-CBF4-49FC-9230-4C00289930E7},536,Hilde,ten,Ewell,3411WC,27,Hooiland,hewellev@usda.gov,+48 (678) 344-2925
{B5277313-B5B2-493C-B9F2-4C05161F5FEC},720,Ari,van der,Brabon,8121XT,4,Schaepmanstraat,abrabonjz@ox.ac.uk,+380 (970) 350-0163
{D37A8820-A97B-4148-B996-4C2565144E31},894,Klemens,,Wilmut,1081BW,6,Van der Boechorststraat,kwilmutot@de.vu,+856 (657) 271-0720
{3EDE172D-14AF-4A35-AF5C-4D2310C72E07},238,Konstanze,,Mollene,5702HN,23,Uranuslaan,kmollene6l@biglobe.ne.jp,+33 (881) 900-3248
{354CC318-0866-4EE2-AC8A-4D77FFDF4363},306,Waldemar,van den,Claisse,3813LJ,52,Batostraat,wclaisse8h@usa.gov,+86 (202) 418-8530
{405330F5-47BB-40BE-891A-4DDACDF471C3},728,Armando,van den,Fanthome,9967RP,92,Zuiderstraat,afanthomek7@dyndns.org,+63 (478) 934-1333
{EA59AD3A-D82A-495F-81E3-4DDC4080558E},258,Dee dee,ten,Fenech,6415JE,13,Rembrandtstraat,dfenech75@columbia.edu,+230 (437) 307-1514
{DA610127-3F7E-40E4-935B-4F50798A890F},365,Stephannie,,Glisenan,2132TZ,57,Raadhuisplein,sglisenana4@shareasale.com,+7 (326) 360-1463
{715192FA-4D76-4C60-AAE1-50A2AF4806A9},510,Griffin,ten,Sabate,7413ZH,100,Kolkweg,gsabatee5@miibeian.gov.cn,+86 (909) 261-8952
{2FD07CE9-B24F-45EC-9323-50C6CBBBD2A4},881,Brodie,ten,Auguste,2841EK,57,Nicolaas Beetslaan,baugusteog@psu.edu,+216 (160) 863-1147
{201B2989-9D2D-4B9D-A38A-50EE219BCA2B},246,Jessy,ter,Schenfisch,9005NG,74,Leeuwarderweg,jschenfisch6t@kickstarter.com,+62 (856) 894-8423
{41AE294B-52C4-4A00-81DE-51D0EEBA031A},665,Robbi,ter,Armitage,1217JH,18,Jacobus Pennweg,rarmitageig@goo.ne.jp,+86 (215) 704-8266
{18D596E1-5BF0-4D8D-964F-527CB41D055F},171,Cicily,ter,Iacovolo,6511TG,46,St. Canisiussingel,ciacovolo4q@gov.uk,+81 (819) 672-7313
{6C1B49C6-B05B-49AE-B6E2-5327EE867E14},44,Janina,,Chawkley,7051GR,100,Veenweg,jchawkley17@addtoany.com,+55 (191) 663-0789
{3B1CA9E1-2394-43DD-B1A2-53A2DF51326C},150,Vitoria,ten,Croney,8913AN,1,Franekerstraat,vcroney45@rakuten.co.jp,+86 (737) 753-6356
{1E8B16F3-E559-4F3C-A52B-53B35E9490B8},695,Rochell,,Casement,1911HN,20,Geesterweg,rcasementja@weebly.com,+57 (125) 799-5191
{62C1D9A7-E37B-4966-951C-54BFD71F91C4},431,Abe,ten,Hars,3438GB,6,Marimbalaan,aharsby@wordpress.org,+7 (231) 772-1962
{071B341F-AD82-41E3-BCE3-559AC805376E},928,Anthiathia,ten,Folkes,3561SE,97,Jeanne d'Arcdreef,afolkespr@state.gov,+81 (452) 647-7749
{AAFD4466-B21D-48E8-8FF8-55D6A722DE76},652,Walsh,ten,Luttgert,7391XK,17,Mozartstraat,wluttgerti3@ftc.gov,+93 (668) 312-5782
{33799C84-AE3A-46C7-95CF-55EEF3DAF769},874,Maurine,ten,McEwen,8742KR,45,Doniaweg,mmceweno9@tinyurl.com,+353 (703) 638-6959
{9724F840-4711-478A-AEAC-569D3FDC0B28},977,Chandler,ter,Ajean,6217HD,91,Brusselseweg,cajeanr4@foxnews.com,+54 (467) 186-0052
{256D1DCA-5E44-47B6-BA74-57F0769A327D},271,Quentin,,Butt Gow,6086GA,4,Ulensvaaren,qbuttgow7i@howstuffworks.com,+380 (145) 486-6696
{35241F72-F6E0-4715-9B4E-580A7DC311C7},885,Seamus,ten,Domanski,3843BH,99,Veldkamp,sdomanskiok@prweb.com,+33 (355) 956-0392
{BC685D29-432C-457F-808A-5887240635FD},318,Britni,ten,James,9989EE,52,Westervalge,bjames8t@slideshare.net,+86 (450) 631-3085
{C5B5EA3B-A36D-4C1A-B335-59EBCDABA59B},843,Yurik,ten,Noriega,5531CZ,57,Brem,ynoriegane@latimes.com,+234 (194) 597-5288
{B5C175B5-26C0-499B-9C46-59F616A370F6},70,Alain,,Leyninye,1971BJ,22,De Ruyterstraat,aleyninye1x@washington.edu,+7 (572) 422-7612
{87AFE3A0-3082-4BCA-B580-5A04F44B87C7},61,Laurianne,,Chugg,2144KB,30,Rietkraag,lchugg1o@furl.net,+230 (454) 262-9164
{7FC0202C-A28C-491E-A300-5A34BD88B31C},101,Hyacintha,de,Basindale,7828BK,68,Turkooisdreef,hbasindale2s@hhs.gov,+7 (956) 235-4674
{E3333022-3F6E-4696-B12B-5ACE330B1357},630,Harold,,Gavozzi,3707CA,54,Verlengde Slotlaan,hgavozzihh@nps.gov,+55 (705) 259-1704
{3DAA4190-8847-47BE-91D4-5B3C3841437B},291,Terese,,Franzoli,9078VP,19,Tjeerd Thijssenstraat,tfranzoli82@biglobe.ne.jp,+33 (258) 751-0393
{F968DD41-B34B-4388-80DB-5B57C345B53F},557,Stephan,ten,Hamblington,1788HR,63,Middelzand,shamblingtonfg@purevolume.com,+7 (724) 482-7132
{CEEE61DC-24CD-4570-84C6-5B899062F0C5},148,Avram,,Greg,1215AS,2,Bosdrift,agreg43@goo.ne.jp,+63 (678) 226-4297
{523AF1C2-C033-425F-AC07-5D1ACA29CCF5},332,Dru,,Gerold,1016PP,77,Laurierstraat,dgerold97@utexas.edu,+52 (518) 879-2467
{C83F437E-00A3-4A15-A8BB-5D98EBF086D8},381,Dulci,de,Tuison,6921ZC,64,Margrietstraat,dtuisonak@bloglovin.com,+56 (145) 708-2376
{79604005-340D-4B1B-9E35-5DC0E1CA5B76},796,Carin,ter,Ogden,5552KV,9,Hert. van Brabantstraat,cogdenm3@naver.com,+976 (980) 578-2052
{C2783B75-FE08-4748-8807-5DEF33ADA845},827,Xenia,,Molesworth,6991VT,83,Buurtweg,xmolesworthmy@meetup.com,+86 (870) 643-0839
{49CE0E51-32DE-4815-A070-5E06ACE87E26},334,Darrell,,Battisson,6241NC,78,Meerstraat,dbattisson99@com.com,+86 (300) 666-1479
{511220BA-CD0D-4184-A11C-5EB1D1F2D6A2},735,Frederik,,Lent,7545LG,100,B.W. ter Kuilestraat,flentke@hubpages.com,+81 (918) 940-9475
{BCABF7C7-E146-4145-B0BE-5EDFAEABE222},278,Peadar,,Veeler,3417RA,15,Waterviolier,pveeler7p@nymag.com,+380 (335) 872-7399
{C311D1A3-7BD9-4CF6-B556-5EE34B7425BB},417,Sapphire,te,Gorhardt,5268JA,31,Sterrennacht,sgorhardtbk@marketwatch.com,+84 (151) 422-2091
{18264950-FC16-4BF3-BB2D-5EEDD5DDF45D},957,Isobel,ten,Mountlow,4944AM,39,Cornelis Oomestraat,imountlowqk@t-online.de,+86 (774) 679-0057
{D868A4B4-DFFC-4045-8284-5F99F138B7D5},500,Ingelbert,van den,Fann,1062LC,85,Gerrit Mannourystraat,ifanndv@bizjournals.com,+51 (329) 492-5395
{A7AF2189-2409-4FAD-94DB-6031E430EF5E},673,Creighton,,Franscioni,1705SW,21,Tuin van Freyr,cfranscioniio@g.co,+55 (525) 843-8133
{C0D62940-1854-49D0-988A-60B6E34E577C},78,Gratia,van den,Hendrix,4116BC,48,Voorstraat,ghendrix25@loc.gov,+230 (197) 414-6328
{819D9142-E87A-4CEE-AA21-616B39037635},442,Suzie,ten,Goldfinch,3572JL,54,F.C. Dondersstraat,sgoldfinchc9@1688.com,+7 (328) 386-8692
{DFDCDB8C-52D9-4F1E-8A6C-61E8CFE7BE5D},629,Annabela,ten,Bremmell,6511ZG,68,Kartuizerhof,abremmellhg@miibeian.gov.cn,+86 (247) 865-7515
{2BD72FEE-80CC-437F-B875-6201B426A84E},56,Ronalda,ten,Richter,7232GL,81,Het Ham,rrichter1j@imageshack.us,+7 (295) 480-4622
{AFEC2E31-C50B-4683-B725-620985532A9D},36,Catherin,,Seaborn,3721CK,66,Burgemeester Fabiuspark,cseabornz@tripadvisor.com,+255 (785) 343-4056
{7A8B41A4-1AB7-491F-89E9-628DAB5645A0},185,Riane,,Crowe,3882PB,85,Vikari&#235;nweg,rcrowe54@uol.com.br,+7 (465) 114-5113
{D56A1C14-384D-447B-A900-62A4C072A8A2},783,Valdemar,,Hearons,7511SB,69,Pelmolenstraat,vhearonslq@globo.com,+54 (196) 114-9635
{1D0EAE5A-2089-49AD-BC98-63256E6D960C},342,Leonanie,,Bredee,6826HW,26,Doeffstraat,lbredee9h@homestead.com,+7 (730) 471-6734
{7EEBE3E6-EE47-4EB3-B680-63E5C84D72AE},638,Max,ten,McNaught,5375BH,2,Dorus van Weespas,mmcnaughthp@whitehouse.gov,+98 (130) 718-5331
{58300215-099F-43F4-BF62-675129E2CDE1},979,Ambros,,Widdocks,2034CH,59,Laan van Angers,awiddocksr6@phoca.cz,+55 (688) 209-7529
{E9A485A4-4AD2-4C9F-BB86-6786A1432A46},273,Blanca,,Zoppo,6882BR,35,Nassaustraat,bzoppo7k@simplemachines.org,+7 (853) 561-6675
{9EB82BBC-61E4-4CC2-A7D7-67873155EA2D},3,Sonny,ten,Spittle,8401MJ,8,Parnassia,sspittle2@sourceforge.net,+86 (194) 944-1533
{05772B6C-CD99-42AA-8B7C-67932FDA0EB7},861,Lisa,,Eirwin,5953LG,89,Panneoven,leirwinnw@ow.ly,+62 (550) 499-5880
{B5139F8A-903F-4FAA-864A-684CFFECDC2F},794,Arney,,McGoon,1053DK,65,Kinkerstraat,amcgoonm1@nifty.com,+27 (406) 187-8688
{1F3A5A3B-6DD7-43DB-9E05-68C448256446},706,Kevon,,Mobius,8715EL,44,Vrouwezand,kmobiusjl@biblegateway.com,+7 (773) 843-2182
{4E44C3D7-72C0-458F-812E-69220F9204FE},633,Lionel,ten,Charlet,9602NL,76,Mercurius,lcharlethk@mtv.com,+93 (563) 840-6991
{08D970DF-1878-48DC-B731-69600FFD41F3},950,Martin,te,Ollivier,8161XM,2,Ankerstraat,mollivierqd@devhub.com,+255 (350) 400-0276
{519351AF-1BDD-457D-B2EB-69B5DA3CE807},845,Evita,,Rubinowitsch,8251HB,13,Breeuwerstraat,erubinowitschng@wikimedia.org,+380 (720) 663-9792
{2BEC33F2-1109-4058-88B1-69E6EE509B15},67,Kurtis,van den,Henighan,6432AP,62,Schachtstraat,khenighan1u@w3.org,+33 (613) 536-4883
{23FA9D8A-FA43-4149-A2BD-6A15B27763F6},149,Gonzalo,,Fruish,8021CV,9,Diezerplein,gfruish44@pen.io,+58 (910) 343-7727
{FBE09D45-3798-4118-9DBC-6A938DECD0A9},549,Tonnie,,Jenyns,1186DA,75,Langs de Akker,tjenynsf8@naver.com,+86 (707) 144-7828
{72A9CCDE-D258-414F-B050-6AAEB876A057},983,Grant,ten,Winterbotham,3471CP,50,Kerkstraat,gwinterbothamra@whitehouse.gov,+63 (431) 693-8923
{702259CA-B017-41C3-AB54-6C2CDF86F949},901,Arni,van den,Penhall,6865AG,12,Rolandseck,apenhallp0@pagesperso-orange.fr,+62 (367) 286-1548
{3299FD5A-EE2C-4BF6-88F8-6C5D38725687},847,Joshua,ten,Staveley,9283VB,35,Bonhommestrjitte,jstaveleyni@imageshack.us,+380 (721) 363-2215
{279D904F-018C-4387-9231-6CE0B0C2C3D9},447,Elfie,,Biesterfeld,8085PH,75,Oude Harderwijkerweg,ebiesterfeldce@slideshare.net,+994 (202) 755-7193
{3C4192C2-1748-4E2B-AF86-6D05F3602641},427,Murdock,te,Garner,5043LZ,4,Groenlostraat,mgarnerbu@aboutads.info,+212 (979) 276-0251
{6BA4A32B-8DC8-468E-A4FD-6E026405E12D},664,Eveline,,Cornelis,4133RA,91,Achterkade,ecornelisif@reference.com,+86 (231) 391-8630
{0929A7C6-7FAA-43C1-AA3E-6E85B9F4F236},836,Elsa,,Chaunce,6071JB,89,Brugstraat,echauncen7@senate.gov,+62 (236) 524-6020
{FDC11A90-4ADC-4B64-9BCB-6EA798C4D99A},239,Alic,,Albro,4715RS,19,Korte Hei,aalbro6m@blogger.com,+86 (961) 433-6092
{EDA0B46E-DD58-47E7-9FB2-6EF805A5E97D},499,Gaspard,ten,Gebb,8191AH,90,Stationsweg,ggebbdu@china.com.cn,+1 (719) 911-3040
{013FB0AA-D456-475A-9421-6F09113E9D65},461,Gabriell,,Vuittet,6121JK,81,Muntstraat,gvuittetcs@goodreads.com,+1 (124) 908-0947
{809DB0A6-EFD3-493F-952D-6F19D61F0026},710,Malorie,,Bertin,8303NA,74,Lofoten,mbertinjp@ucoz.com,+381 (736) 424-9196
{9EBDE4C7-1671-400D-B0C5-703632AB47D2},898,Cesare,,Linton,1057JD,67,Chass&#233;straat,clintonox@cbslocal.com,+48 (295) 723-8517
{121BC627-0C9A-4A8B-8793-707597C2BC80},804,Amber,,Inggall,8471KT,7,Geraniumstraat,ainggallmb@huffingtonpost.com,+63 (251) 254-9371
{B24528DF-8DF1-416A-A4F7-71831AD4030E},170,Forest,,Wearden,8161BR,35,Hoefijzerweg,fwearden4p@uol.com.br,+81 (611) 701-4696
{1A809939-D58A-449C-98F0-72519C4237AD},807,Tisha,ten,Griston,9743SM,98,Radiumstraat,tgristonme@state.tx.us,+86 (129) 762-7044
{A73F9DDA-F344-4CFC-BD39-72900E60375A},179,Shaylynn,,March,3761BW,71,Oranjelaan,smarch4y@naver.com,+86 (714) 813-3105
{25AEAF64-9422-480A-83B6-729E99D8D94C},512,Irita,,Falco,9233KL,31,Piter Jellesstrjitte,ifalcoe7@jugem.jp,+62 (935) 332-5389
{93EF2B26-41FC-404A-B6BE-73944BECB082},495,Farica,de,Posse,1057DB,32,Hoofdweg,fpossedq@foxnews.com,+387 (633) 921-4448
{C3C4E456-6269-4AE7-9CFC-7421EC934AD8},168,Jock,,Quail,6971ZP,34,Zegerijstraat,jquail4n@businesswire.com,+62 (229) 670-2893
{989251AE-47A5-4A26-8C60-74B57BA5B61C},254,Rikki,ten,Forlong,1104LS,66,Kelbergen,rforlong71@bizjournals.com,+62 (368) 774-6366
{8E12303C-5F86-46DA-BC40-74DA197C3FB5},257,Shea,,Matschoss,7203AH,27,Deventerweg,smatschoss74@1688.com,+66 (779) 259-4642
{DDF27E72-E061-4A11-9C85-75E3FC4F6C87},778,Dana,,Argrave,7783AN,53,Boomhofstraat,dargravell@dedecms.com,+51 (267) 318-7616
{549BEA8E-1660-43E9-9140-7673429EB6E9},406,Emmeline,,Levane,5644BX,57,Florapark,elevaneb9@goo.ne.jp,+7 (844) 335-9566
{4A89940C-31EE-4C32-B01D-7689831E8C3A},656,Gertrude,,Clemenzo,1704PE,64,Westerweg,gclemenzoi7@vimeo.com,+380 (537) 479-8031
{57A947BB-B04E-4C5C-934E-76E3079A8407},128,Stevana,ter,Antonetti,8606VP,78,Alexanderstraat,santonetti3j@springer.com,+380 (442) 190-3145
{431DA60E-2F6E-4141-9C8C-770551FF690B},256,Josefina,,Rickersey,1025RK,35,Amelandstraat,jrickersey73@discovery.com,+31 (632) 643-7987
{3AB99087-F9F6-4597-8BCC-77236E65C48F},597,Nicole,ten,Cornils,1448WN,3,Falconstraat,ncornilsgk@artisteer.com,+55 (179) 327-5928
{015E9CA7-CE33-4573-A1D9-77608536F7D8},596,Marie-ann,ten,Duprey,6443SB,32,Karel Doormanstraat,mdupreygj@artisteer.com,+46 (503) 947-9258
{C9A091C1-A012-4187-AFC6-7761DF059FF6},605,Margaux,,Guymer,5037JB,31,Cederstraat,mguymergs@nytimes.com,+33 (869) 918-9464
{5453FC18-9540-4E74-BAA6-77A7C9D3318A},972,Robers,,Bexon,6611DG,89,Bovenschap,rbexonqz@cornell.edu,+66 (665) 809-7624
{94F5E949-2A3C-491F-A3F1-784B05E2026D},703,Reggis,te,Wittey,9864PC,95,Provincialeweg,rwitteyji@bluehost.com,+46 (230) 370-3099
{56052F57-1DBF-4365-B749-78A6E239DA59},435,Cordelie,,Luckcuck,8261KN,85,Patrimoniumstraat,cluckcuckc2@disqus.com,+62 (339) 945-5540
{C52B060F-C113-4DED-A653-78FEAE201EEC},853,Bronson,ten,Molyneux,1328JT,19,Mir&#243;straat,bmolyneuxno@psu.edu,+62 (644) 252-1874
{2F8A1A06-B9A2-4E15-B2E0-7AE178994303},987,Mead,ter,Meeks,3771XG,8,Vliegersvelderlaan,mmeeksre@e-recht24.de,+46 (621) 386-9230
{47899631-43CD-472C-8366-7AE3A0E4D32D},35,Karita,van de,Wragg,8331SL,85,Paul Krugerstraat,kwraggy@myspace.com,+385 (782) 868-3057
{719E00E0-AF2E-43D6-8337-7B514400FF59},182,Trenton,ten,Bricksey,2041HK,26,de Ruyterstraat,tbricksey51@tinyurl.com,+51 (581) 732-1493
{2F61B0B4-DFD6-4EC8-BF69-7BA5D51272F4},961,Em,te,Horsefield,4731GJ,51,Parklaan,ehorsefieldqo@4shared.com,+7 (159) 994-0703
{91202445-19F8-477C-9B9E-7BB8C86AFC48},317,Rogers,,Rudloff,1019EK,50,J.M. van der Meylaan,rrudloff8s@wordpress.org,+976 (517) 995-3112
{65EF560A-3837-41FD-B3E8-7C0A63B1DB53},772,Roshelle,ter,Lardez,5045ZK,12,Leidschendamstraat,rlardezlf@yolasite.com,+20 (190) 862-1963
{C7541475-4813-42C6-9DF6-7CD50DEE673E},324,Maury,ten,MacGiolla Pheadair,8431BH,48,Het Mad,mmacgiollapheadair8z@360.cn,+55 (901) 183-9941
{A3C2BBF7-B999-4C77-B9AE-7CE369A6590E},391,Alec,te,Richemond,8167NA,19,Deventerweg,arichemondau@latimes.com,+48 (358) 919-7960
{C0F80672-BE5B-411B-A485-7D3615CF57EC},764,Jinny,te,Filyushkin,1814JZ,10,Dillenburgstraat,jfilyushkinl7@networkadvertising.org,+62 (966) 852-5612
{0345F76F-33AD-4B96-AD75-7D48534BB6A4},911,Dave,,Jurries,7531CN,36,Fuchsiastraat,djurriespa@guardian.co.uk,+86 (116) 102-2369
{CA525231-B800-4E4F-99C6-7D63FA14B865},917,Teddie,,Govinlock,7917PJ,66,Elslaan,tgovinlockpg@weather.com,+63 (134) 418-6261
{D7FD0EB1-B8AA-4FBB-B04E-7DBBA69CF06D},53,Kathlin,,Bohman,7002LK,18,Varsseveldseweg,kbohman1g@bloomberg.com,+60 (297) 774-6727
{176AE334-0B8E-4E97-B317-7DD7C822B02D},115,Diarmid,te,Baldick,6721JP,12,Edeseweg,dbaldick36@fda.gov,+48 (332) 117-8895
{F9DF0CDA-5EDA-4007-B39B-7DEFD6AFC6D7},311,Linn,,Heitz,5654LA,26,Reinkenstraat,lheitz8m@cdc.gov,+86 (310) 544-3754
{9EB67767-F69E-4B06-AB45-7E221D10BA32},315,Jo,,Eglaise,1251ZT,83,Steffenskamp,jeglaise8q@webnode.com,+48 (213) 438-4493
{A2E6C1D6-0997-4704-AE83-7E66FEA2C1B2},680,Chas,,Eard,4007PC,67,Kruisstraat,ceardiv@imageshack.us,+1 (214) 624-1073
{D5276D7C-1588-415D-9989-7EB61EEFF46B},104,Zollie,ten,Alyokhin,8303KJ,100,Vrijheidsplaat,zalyokhin2v@gov.uk,+86 (213) 783-3756
{33E17549-B2BE-4255-967F-7EC8701EDA61},632,Keelia,ten,Walder,4703NL,59,Gerard ter Borchstraat,kwalderhj@phpbb.com,+55 (335) 315-2364
{C0CDB218-FE23-48C8-AB93-7ED13214CAD8},784,Hamlen,van der,Grenfell,7948BP,17,Dorpsstraat,hgrenfelllr@reddit.com,+381 (132) 311-4817
{AC7B3B0E-82D9-468B-B6DB-7F02B05B06AD},84,Anthe,,Goreway,8531JH,99,Kerkhof,agoreway2b@google.cn,+7 (491) 985-4306
{B927DC09-9D73-42B8-8034-807CCBC649C5},999,Kerwin,ter,Battin,5674VM,56,Collse Heide,kbattinrq@youku.com,+86 (115) 878-3162
{81EEB83C-B8C6-45B3-B72C-80F3AAC5EDB1},611,Corilla,ter,Reedyhough,4847CT,37,Berkenlaar,creedyhoughgy@ameblo.jp,+249 (899) 252-1545
{164B012E-1F94-4DA6-943F-814E9A03AC51},15,Bab,ter,Wilcinskis,6165VV,99,Van Goyenstraat,bwilcinskise@unc.edu,+250 (813) 351-9190
{CC6E74B0-F513-4E15-94C9-826A42D0AE50},146,Eugine,ten,Gillibrand,5445RB,17,Allemansweg,egillibrand41@twitpic.com,+507 (563) 101-6144
{8555BD7F-544E-48A5-92C6-82730C9247C8},948,Christi,te,Pllu,2101BP,14,Van Slingelandtlaan,cplluqb@nifty.com,+86 (858) 323-1119
{13CCB386-F31F-42C5-B409-827435857A43},492,Innis,,Benediktsson,5625VH,29,Heuvelakker,ibenediktssondn@google.de,+86 (728) 991-4876
{F39A72D7-99C8-4609-A031-829E257C24A7},99,Aristotle,ter,Washington,6521GD,25,Griegstraat,awashington2q@ucsd.edu,+63 (343) 672-7062
{E1276F80-AE68-4065-B2DE-82A8A949B191},375,Tammie,,Featherbie,7451VL,34,Erve Broekhuis,tfeatherbieae@sina.com.cn,+55 (628) 342-7046
{4E657E57-BEC1-4E90-B247-82D510F4DB62},143,Carleen,,Shilstone,1562LN,60,Sigarenmaker,cshilstone3y@unesco.org,+63 (481) 324-3164
{6D09DF21-D25A-4728-B160-83205F91A98F},897,Merrill,ter,Coppens,9001WZ,17,Djerreblom,mcoppensow@qq.com,+62 (232) 781-4334
{91E3C656-CE43-457E-BBC9-83B6854E13DE},752,Hadley,ten,Stenbridge,6961BL,54,L&#233;harstraat,hstenbridgekv@simplemachines.org,+86 (934) 195-1151
{BAC283B0-48F9-4975-BB97-8573531C3EEC},985,Cully,ter,Gittus,4727SB,73,Halstersebaan,cgittusrc@elegantthemes.com,+58 (566) 184-9321
{0AD50811-7091-4F16-AEE3-8593ACDE0FA9},704,Pembroke,ter,Roos,3931VA,34,Vondellaan,proosjj@bizjournals.com,+977 (132) 796-5097
{76906056-B1D8-49C1-A3A1-85CB8842E5FA},705,Arv,ten,Grogan,3846AM,36,Pascalstraat,agroganjk@squidoo.com,+86 (924) 169-3031
{04D173AB-DADC-42E6-84B0-86DA8049348B},566,Janina,ten,Mouatt,8091GS,8,Heidepad,jmouattfp@admin.ch,+63 (313) 408-2650
{81A8DD1F-5A3A-4BE3-8BC2-86EA13283330},859,Sophia,,Casino,5701XP,81,Jan Stevensstraat,scasinonu@google.com.br,+7 (220) 398-9861
{6835E9EA-2F92-4A1C-9E81-873645A46BA6},217,Nerti,ten,Matches,1222CK,24,De Kupstraat,nmatches60@china.com.cn,+372 (730) 812-9585
{E47A96F3-844E-4D07-B55B-87850798C690},657,Ferrel,von,Cheves,5403AL,18,Bosveld,fchevesi8@bbc.co.uk,+7 (161) 909-1861
{4E5B68BE-C7A5-41B4-944B-879A5BDCEED9},350,Bowie,ter,Hatfield,6681BB,93,Anna Vaecstraat,bhatfield9p@wsj.com,+358 (655) 597-9312
{34D70E41-DBE1-4260-8C5C-885665071F61},282,Nowell,ten,Rigeby,6231GN,6,Burgemeester Kleutersstraat,nrigeby7t@istockphoto.com,+358 (755) 294-8777
{02B4499F-394D-44BB-A866-8915B08E327D},920,Claudian,,Izacenko,6844BL,85,Beststraat,cizacenkopj@newsvine.com,+86 (484) 120-3302
{BBF866D8-058B-48B3-B5B4-893BFC6CAA9A},816,Siobhan,ten,Renoden,7642NT,53,Zuid Esweg,srenodenmn@over-blog.com,+227 (850) 210-1101
{E909A0C9-321D-4AC4-95BC-894164B45655},167,Caddric,ter,Suddock,5591NC,50,Lokert,csuddock4m@wix.com,+1 (593) 248-1208
{F3DD66CC-1183-4101-A025-899D78728022},865,Filbert,,Kaindl,3844DG,85,Wethouder Jansenlaan,fkaindlo0@privacy.gov.au,+86 (856) 314-6171
{B1844EE4-98AB-4354-9389-89AA9F3F9D95},213,Crissie,ten,Benton,8441CR,36,Zonnebloemstraat,cbenton5w@hhs.gov,+1 (596) 952-5191
{5399E431-677A-42C2-BB8A-89C1D4C672AA},830,Ceciley,ten,Jaqueme,6019ED,36,Kerweg,cjaquemen1@godaddy.com,+7 (176) 992-2154
{E3BA94BC-FED3-4299-8C38-89D027BFC68D},90,Welby,ten,Beadham,9201AB,87,Het Vliet,wbeadham2h@huffingtonpost.com,+63 (373) 734-6434
{6A3B6740-79DD-4A3B-A0A1-89F3DDE0B139},900,Oran,ten,Firbanks,9001KC,6,Kanaalstraat,ofirbanksoz@hp.com,+7 (780) 500-8535
{3911CCFE-121F-42FE-ABCB-8A6CEBCDB80B},866,Ebba,ten,Shadrach,2102CP,25,Strawinskylaan,eshadracho1@wufoo.com,+63 (927) 500-2115
{C8F577F0-1841-471F-B2C0-8AAFC5D87E55},942,Orv,ten,Haug,5014RK,41,Pastoor Smitsstraat,ohaugq5@ow.ly,+63 (301) 140-3776
{D46D6E81-802F-403B-A988-8AB3CC124D0D},626,Goldina,,Stoffer,5345VA,29,Vlasstraat,gstofferhd@oakley.com,+93 (262) 378-5765
{C4B8D39F-92AE-4D43-83B1-8B502571101D},616,Selig,,Lemon,1043BK,100,Diepen,slemonh3@alexa.com,+86 (687) 953-7527
{65D141D5-D0B9-4EEE-B610-8B8002548662},724,Salim,,Beville,8262CT,31,Prins Hendrikstraat,sbevillek3@dot.gov,+7 (904) 824-5780
{DA988B97-0952-422C-8144-8BD3E4E965FC},224,Vivia,,Ivins,4901HJ,76,Schapendries,vivins67@hexun.com,+86 (561) 790-0765
{2E8E2A07-C8D7-47A8-A02D-8CC1D560FCB4},212,Archibold,,Salleir,7581BR,56,Molenstraat,asalleir5v@weather.com,+86 (806) 342-2700
{FB605985-5BA9-4740-BEA2-8CDF00837A77},444,Frazer,ter,Cusiter,5941DD,58,Verger der Kampstraat,fcusitercb@php.net,+237 (642) 282-7397
{7D3FA4AE-8530-4E52-9780-8D0EC5F6D4A2},288,Alena,ter,Costain,9891BA,67,Haven,acostain7z@g.co,+351 (609) 979-2894
{934FF96E-B292-46B0-A667-8DA1EA99F0A8},707,Gail,,Martill,4824KJ,78,Bovenmoeren,gmartilljm@g.co,+54 (422) 960-3754
{376C183D-16A3-4AB4-A77A-8E00A037D8B4},40,Tamas,,Omond,3515XG,56,Jacob van der Borchstraat,tomond13@woothemes.com,+7 (279) 279-9804
{84132B83-261C-4298-AB97-8E1BBC28D8E9},255,Lem,,Ambrosi,9674JK,39,Sleedoornweg,lambrosi72@spiegel.de,+351 (864) 422-4403
{C6926905-18AD-4CC9-9754-8F09CF02EE11},97,Aryn,van den,Braddick,1971AJ,61,Trompstraat,abraddick2o@si.edu,+63 (489) 278-8190
{993D0C0C-36E3-4EDA-A59D-8F81FD5FC4AE},100,Brenna,,Fynn,8465PB,76,Siebe de Ruiterweg,bfynn2r@wiley.com,+81 (199) 722-3447
{D8079F44-3039-4109-A71E-8FA47A699F7D},403,Gayler,ten,Berka,5861BZ,93,Kuiperhof,gberkab6@cpanel.net,+62 (973) 314-7204
{B39A7616-6526-4E0D-A7E9-8FCD83E6245D},293,Wilt,ten,Peggs,5151MC,77,Barentszstraat,wpeggs84@themeforest.net,+351 (311) 411-5233
{7ED1F4BB-BCBD-4DDB-BE00-9031BAA3EE49},763,Hilde,van den,Kite,6214RZ,88,Ambachtsweg,hkitel6@chicagotribune.com,+7 (183) 486-2801
{5629C698-73A0-4A4D-A4CD-91342AB83CE6},858,Brandise,,Joynt,1531AZ,48,Bruynvisweg,bjoyntnt@ihg.com,+380 (995) 980-9828
{53093C2A-81EB-4057-9314-920CDFC093C9},225,Wynn,ter,Goldie,5644PW,76,Violierstraat,wgoldie68@last.fm,+86 (893) 509-5504
{2F1FDB0D-D6E8-473A-8F7D-93459341DD02},95,Thorsten,,Bytheway,5803HA,28,Kattestaart,tbytheway2m@ucoz.ru,+371 (566) 790-4249
{33A2825F-C2A3-43FD-9F65-94F93087E029},125,Hew,,Garling,1695AW,20,Zuiderhout,hgarling3g@tuttocitta.it,+856 (864) 749-7712
{F6396F70-A42F-4BBC-B831-97F0ACC450E1},390,Gabriello,ten,Eaglen,5915HR,15,Kamperfoelieweg,geaglenat@blogs.com,+63 (280) 996-9032
{7D62C1CD-AD05-4E3C-B607-983AF1428A23},34,Atlanta,,Crumb,5809AN,8,van Megenstraat,acrumbx@mediafire.com,+58 (894) 256-0045
{D60A0FB7-EFF7-4A19-A8F3-989ED38B82DF},247,Cecelia,,Gladdolph,1078JP,14,Diezestraat,cgladdolph6u@google.com.br,+375 (809) 399-9997
{74E89595-FD74-4F7F-9C6A-98B04D5B1072},741,Ansley,,Elleton,8111PP,51,Spekschateweg,aelletonkk@time.com,+81 (557) 273-7793
{DBFB13C4-7035-4D60-9F4A-996BE133FBF1},873,Dosi,ten,Turfin,5712PH,16,Parallelweg,dturfino8@usnews.com,+850 (768) 659-5886
{81596B92-7E33-40DF-82D6-998C59B9BF48},194,Ker,,Hapgood,5142SN,62,Andreas Zijlmansstraat,khapgood5d@cnn.com,+234 (626) 634-4523
{826DD2F7-86CA-4507-9C01-99EF937A29CB},770,Maynord,,Mapples,1054JA,2,Overtoom,mmapplesld@joomla.org,+216 (908) 340-3013
{9C8BA456-1164-44D2-968C-9A24002F2E4D},530,Ashlen,te,Calvie,5104AK,6,Prinses Irenestraat,acalvieep@tamu.edu,+55 (603) 159-4232
{A0AA39C2-EF06-4AC8-B707-9A2DD19B60ED},388,Nanice,te,Towell,3401JB,70,Archimedesstraat,ntowellar@wsj.com,+55 (889) 426-4121
{9C5D0DCD-A173-486F-BAB6-9A5594FF1B92},295,Mirabella,,Duell,7475TD,27,Plasdijk,mduell86@webs.com,+93 (661) 722-3801
{5726A6D7-B12B-415E-AD0A-9A6555961BDC},996,Charis,,Esterbrook,1774NG,13,Schelpenbolweg,cesterbrookrn@geocities.com,+963 (689) 935-5980
{41CA3308-F769-41DB-AE1E-9BBA4C830C17},893,Justin,,Brauns,7944CT,60,Pieter de Hoochstraat,jbraunsos@flavors.me,+592 (914) 819-9561
{451B4416-F215-4D35-8C09-9C27383D5817},755,Jacky,,Railton,5912BD,52,Tegelseweg,jrailtonky@cnet.com,+62 (995) 627-9919
{055F64C8-E120-40B7-90D5-9C97F212ADF7},790,Binnie,,D'Almeida,5281RN,47,Ladonkseweg,bdalmeidalx@fc2.com,+370 (498) 947-2142
{F9200BAB-1026-4AEE-8BAC-9CC33C48A9D1},702,Timothee,,Filippello,5263GJ,38,Koekoekslaan,tfilippellojh@diigo.com,+352 (420) 452-3431
{198AFCAF-B152-4209-8C61-9DBA5DE7A349},430,Melinde,,Utterson,8103ER,53,Goudplevier,muttersonbx@foxnews.com,+976 (747) 186-4226
{475EB967-C7CB-4F8D-BC2F-9DCA262C6FAF},376,Clemmie,ten,Gulston,7132CX,95,Hein Meijerstraat,cgulstonaf@patch.com,+86 (263) 241-8439
{0D0528F9-60B0-4FBA-ABA9-9E5FD1743AC0},914,Mavis,ter,MacKessock,7571AH,59,Kloosterstraat,mmackessockpd@google.ca,+351 (373) 673-4472
{CDE708BA-E30F-457A-A28B-9E86880B0954},516,Christian,,Waren,7681MB,34,De Nijverheid,cwareneb@whitehouse.gov,+63 (378) 547-8286
{5351C2DD-AEBA-4281-A8A0-9EB1DAA3D887},453,Sharl,van den,Impey,2751CR,47,de Kievit,simpeyck@linkedin.com,+86 (780) 464-8184
{756BC3FE-360D-4405-9CFC-9ED084428C6B},363,Maryann,ten,Bate,6601DV,10,Zomertaling,mbatea2@oaic.gov.au,+86 (845) 472-6948
{EF5A85FF-D51B-4A88-8274-9ED373AC0E3E},497,Quinton,,Folbigg,8091JM,66,Hazelaarstraat,qfolbiggds@vk.com,+86 (745) 460-5873
{1EBECF11-33AD-4EBB-B7E3-9F3EC1BB7B26},965,Georg,,Inott,5702ST,96,Klarinetstraat,ginottqs@wisc.edu,+81 (888) 485-7662
{9B1CE1E1-2414-4939-B9D9-9F7BD02F7277},242,Deb,ter,Feedham,9675CS,74,van Kinsbergenlaan,dfeedham6p@cloudflare.com,+62 (825) 442-2494
{3D64F7CF-FBCC-4F13-BA2F-9F8A2EDB4E7D},821,Barr,ten,Millam,3992BP,61,Dorscamp,bmillamms@arstechnica.com,+381 (828) 269-5891
{931AEDD0-3F16-4C42-815F-9FC263735D09},275,Caresse,ten,Conrard,5345WD,48,Looveltlaan,cconrard7m@abc.net.au,+591 (162) 163-2449
{12519684-F20E-4039-BD53-9FE1F7443D1C},722,Vernice,,Pietersma,4906BE,98,Koperslagerijweg,vpietersmak1@instagram.com,+33 (886) 719-2896
{27B51457-4516-46B8-AB48-9FFF97415FC5},687,Christina,ten,Clewlowe,3621AK,85,Kerkstraat,cclewlowej2@fda.gov,+55 (540) 500-1086
{5B06B6F5-A6BC-4AB8-8A17-A050C2BD1BA8},690,Papagena,ter,Forward,7328BM,86,Kooikersdreef,pforwardj5@51.la,+62 (575) 944-1189
{6B103502-45D4-4553-9B3C-A0A3B53ADBE7},709,Berkeley,ten,Blencoe,6685BP,89,van der Mondeweg,bblencoejo@gnu.org,+234 (866) 333-1978
{DFD73B0D-5219-46D8-A8E3-A1D4E6FF601E},72,Michelina,von,Conklin,3861DH,14,Kardinaal Alfrinklaan,mconklin1z@usa.gov,+86 (516) 701-0607
{B3146B1E-1ACC-4530-A6D2-A1D55E56AB25},379,Kennan,,Morecomb,5467CM,46,Fuutdonk,kmorecombai@4shared.com,+1 (269) 421-9858
{02647BC2-70A3-4B8D-8E5B-A2577891A594},762,Ronna,ten,Goodale,1456AK,97,Ringdijk,rgoodalel5@wordpress.org,+7 (424) 941-7055
{393134CA-8E52-482B-9F4C-A2858102519D},137,Donetta,ter,Cutmore,5126CG,9,Nieuwstraat,dcutmore3s@dion.ne.jp,+52 (621) 914-3565
{8B1FE5A2-BBB0-47C1-AE2F-A29D2613F201},454,Myrle,von,Revel,3628CJ,39,Roerdomp,mrevelcl@free.fr,+86 (166) 189-1721
{9348D435-BB7E-444A-A59A-A3518FED3ECA},570,Hamid,,Ipsgrave,7576AK,88,Guido Gezellestraat,hipsgraveft@forbes.com,+55 (958) 229-9331
{32F792DB-76F8-466F-B019-A38501FDB136},582,Michaela,ten,de Almeida,6824DP,11,Raapopseweg,mdealmeidag5@homestead.com,+55 (832) 238-5899
{8C1A704F-E106-4D8A-A5E5-A38C75FCB2F1},507,Lawrence,,Laste,7688PW,11,Nieuwstadweg,llastee2@istockphoto.com,+7 (223) 361-8371
{3F784F10-AD42-4E23-BE22-A3B3238D8B05},594,Sollie,,Tanby,1628LM,27,Pergola,stanbygh@pen.io,+51 (993) 979-9861
{2F3228A6-4256-4963-A6C0-A3EE74257C91},974,Goldarina,,Howsin,6044PW,77,Beethovenstraat,ghowsinr1@t-online.de,+63 (968) 869-8405
{BE358D63-6AE9-45B4-8219-A47B3CAD3B0F},587,Filide,ten,Armatys,3531HJ,11,Billitonstraat,farmatysga@sohu.com,+504 (793) 773-8947
{7A41F817-FE4B-43B6-8135-A4DAA3081F1E},223,Jammie,ten,Hasslocher,5801DH,7,Franciscanerpoort,jhasslocher66@homestead.com,+66 (768) 946-4267
{A972350F-0783-4B06-8262-A53DB21C0608},822,Toddy,ten,Tingey,1966PB,54,Bretagnestraat,ttingeymt@blogger.com,+420 (382) 506-0957
{AE3C41B9-E3D0-49AE-B677-A5719CEA1A2C},108,Valida,,McHale,8271GA,58,Goudplevier,vmchale2z@t-online.de,+86 (142) 300-4806
{E63669DC-1DF7-4647-A9D1-A5FD70080E27},341,Sophey,,Medway,8251BR,9,Gaffelstraat,smedway9g@google.ru,+62 (566) 856-8195
{BE828BBE-98C3-4331-8EA0-A63A124C539B},519,Rupert,,Senogles,4131BL,93,Leeuwerikstraat,rsenoglesee@imgur.com,+57 (576) 377-9272
{24DB96C4-90A0-44A4-94CF-A6E20395C1A7},214,Andee,,Stott,3741ZA,93,Eemborg,astott5x@reference.com,+33 (132) 709-4683
{CED29C21-0F84-47EE-88B9-A6FE46BAAB39},489,Anatol,,Domenico,4641KL,11,Karmelietenstraat,adomenicodk@indiatimes.com,+63 (113) 858-4178
{8A2103B2-A4E6-420D-A0D5-A70D1B0113E0},550,Clarissa,ter,Hawker,1333NX,89,C. Outshoornstraat,chawkerf9@wikia.com,+54 (310) 154-9161
{8F26C460-6F3D-4D32-811B-A72AD93739D9},862,Elsworth,,Ventom,8331RX,16,Admiraal de Ruyterstraat,eventomnx@msu.edu,+81 (779) 914-9139
{3051EB7D-0BA6-45ED-BB81-A72F19DFAA17},797,Haslett,,Joseff,3892CV,60,Vlierbesplein,hjoseffm4@paginegialle.it,+62 (814) 997-6018
{F6DA4315-EA76-4355-9B8F-A834E61E9A25},74,Genevieve,,Ruoff,7741HH,28,Wilhelminasingel,gruoff21@hubpages.com,+98 (157) 271-0445
{A5197872-AD43-4290-9C8E-A85CB9F2E005},200,Maddi,,Wasmer,7607MA,22,Sesastraat,mwasmer5j@un.org,+46 (523) 174-5469
{1DC979B3-367F-4597-92EE-A85EEC6DF3FC},601,Bertha,,Gard,7557RW,26,Valeriusstraat,bgardgo@bizjournals.com,+66 (518) 192-2322
{9A685218-3F89-4513-824A-A87820F63275},788,Amby,,Holsey,3927SM,12,Gruttoweide,aholseylv@nbcnews.com,+66 (868) 193-0847
{7204F4D8-E1AA-40D4-A284-A8895E23552E},465,Eleonora,,Bartelot,3571GE,40,Prof. Hugo de Vrieslaan,ebartelotcw@washington.edu,+224 (143) 800-4567
{D5E1C667-1CC6-448B-89DB-A8E29669028D},259,Adan,,Radoux,8261LB,21,Graafschap,aradoux76@youku.com,+385 (442) 549-5916
{283798D4-71D6-4D88-83F8-A90CE126589B},832,Sasha,,Boord,5961HX,30,Dr. van de Meerendonkstraat,sboordn3@google.ru,+63 (344) 979-1841
{0CBD47F8-538C-48C3-A933-A95D4C757CC6},533,Dar,,Thalmann,4634PK,32,Van der Duijnspolderweg,dthalmannes@kickstarter.com,+86 (307) 912-1167
{72387E94-FE82-4EC2-97A4-AB5D4EA64EFF},943,Shellysheldon,ter,Maven,6661CE,42,Griegstraat,smavenq6@hud.gov,+55 (539) 303-2295
{5C36379B-7A25-4370-8DD6-AB60C39340D7},621,Giorgia,,Davidzon,5241ND,9,Tivoliweg,gdavidzonh8@123-reg.co.uk,+58 (396) 561-7115
{59FD4B03-611B-4E60-A10F-ABDE7BA2A5C9},337,Stephanus,,Badsey,7941BD,53,de Swaenenborgh,sbadsey9c@gnu.org,+63 (689) 620-3185
{4A9802BA-C856-4FD4-95FC-ABF28D1D1BC5},908,Jard,,Coger,4191AH,84,Herman Kuijkstraat,jcogerp7@elegantthemes.com,+33 (138) 339-3830
{91165D3F-78C7-4E5C-9EBE-AC5FF22F5ED2},802,Brandea,te,Blaxton,3641RS,90,Provincialeweg,bblaxtonm9@yale.edu,+7 (717) 245-8477
{D2F6986B-BFFD-45B8-ABAD-AD32833AB42C},482,Natka,ter,MacMickan,1016RP,24,Lauriergracht,nmacmickandd@creativecommons.org,+86 (420) 118-2191
{852D1B5F-401B-4803-9A1C-AD41A56DF313},176,Olympie,,Gibbin,1825NC,3,Schiermonnikoogstraat,ogibbin4v@gizmodo.com,+86 (720) 186-6528
{83000346-CBF8-44AC-BC65-ADE0EB3C34DC},413,Lombard,ten,Truckett,7007BD,42,Ottawastraat,ltruckettbg@whitehouse.gov,+62 (543) 718-1244
{29576C3F-A93A-45BC-B8C7-ADE854F8F2ED},111,Grayce,,O'Crigane,1043EH,62,Zaventemweg,gocrigane32@biglobe.ne.jp,+61 (387) 463-3595
{65D50373-4934-4719-B50C-AE5FD610D071},298,Mahala,,Becaris,4031JA,1,Woudstraat,mbecaris89@prweb.com,+62 (742) 356-0984
{F071183D-D939-4609-B15A-AE97A8452A4C},464,Jedediah,ten,Mignot,7415TB,27,Nilantstraat,jmignotcv@google.nl,+62 (642) 977-1569
{9562F0C5-0425-4A7A-98D0-AEB70CB5EEF9},496,Jennifer,ter,Crosen,1217DJ,38,Wisseloordlaan,jcrosendr@merriam-webster.com,+234 (662) 835-3846
{134B7342-EED8-4571-B788-AF2230F461BD},880,Tait,ten,Bowden,7101WX,12,Ligusterlaan,tbowdenof@elpais.com,+82 (836) 902-9060
{788943CA-9CEE-4B23-B20F-AF488A042803},717,Almira,ten,Willoughley,7522HB,8,Johann Strausslaan,awilloughleyjw@apple.com,+233 (633) 368-1184
{D80700F1-18C5-4CA2-ADD6-AF95569A29FA},643,Ulrikaumeko,ten,Janes,9541BG,67,Bourtangerstraat,ujaneshu@engadget.com,+86 (261) 556-2182
{18B7F17F-1088-4367-9823-AFE5C1892A9F},166,Darius,ten,Hampshaw,3572GR,33,Griftstraat,dhampshaw4l@flavors.me,+86 (537) 248-3529
{85793AC5-9D87-48AB-BA2B-B0173BFE5D3C},806,Tudor,,Mossdale,1817GR,30,Berliozstraat,tmossdalemd@behance.net,+62 (451) 520-3999
{411C9EFA-0BEB-4CAD-A2D9-B08C8BAC575B},855,Lorraine,,Souch,1057ZC,92,Witte de Withstraat,lsouchnq@forbes.com,+86 (207) 997-1599
{8176062D-FE9D-40C2-8EF4-B1DBFB184D7D},757,Maressa,,McOrkill,1741ML,31,De Boog,mmcorkilll0@weather.com,+33 (467) 277-7843
{E6E9AE28-2DBF-4F05-A0DF-B2AA08F13ABD},399,Nancey,,Jeannot,5683KC,19,Nieuwstraat,njeannotb2@reuters.com,+46 (443) 637-0269
{C5922922-42AA-48A3-B376-B2BBA31C7B75},102,Sabra,,Christer,5344KD,46,Kortenhorststraat,schrister2t@paginegialle.it,+380 (300) 779-0660
{119B33A6-7077-4966-AC12-B2C925EF0F4A},449,Dallas,,Kingsnod,1945DD,44,Alkmaarseweg,dkingsnodcg@xrea.com,+7 (801) 602-4559
{98A67774-0B8C-425E-9A50-B318523113F2},6,Gianni,,Trustey,7607AH,19,Doelenstraat,gtrustey5@shop-pro.jp,+358 (610) 452-6174
{B5B2C0A5-09ED-42D6-BC31-B3996B2F8576},754,Kain,,Beardwell,6438BB,91,Provincialeweg Zuid,kbeardwellkx@blog.com,+63 (431) 838-6327
{C8BB3904-6C4C-41EA-9FEB-B39C46647356},469,Errick,ten,Dominec,7443LP,100,Waterkers,edominecd0@msn.com,+86 (580) 838-3862
{6FD5D39B-1930-4EE9-8B2B-B41AB661D4B1},935,Essa,ten,Espinha,8012DV,88,Commissiestraat,eespinhapy@walmart.com,+995 (285) 235-2984
{75E2191B-9641-4C02-ADD4-B44037F50803},304,Umeko,te,Greswell,8032DV,67,Engelsmanplaat,ugreswell8f@freewebs.com,+86 (767) 691-6373
{E6DEE02F-8704-4929-9864-B451FEA097AD},738,Haze,van den,McAmish,3701XH,91,Jagerlaan,hmcamishkh@vk.com,+62 (360) 328-6124
{F2EB37C0-99AB-4E17-A55E-B468DED9F078},931,Hildagard,,Hansen,6834BA,53,Brandenburgseplein,hhansenpu@reverbnation.com,+351 (670) 691-7311
{9222BE57-B30A-4988-A144-B4B69773FB55},203,Mariana,ter,Pennazzi,7823CA,54,Laan van de Marel,mpennazzi5m@technorati.com,+49 (139) 616-7597
{ACE56971-3D02-4F80-8CE7-B4BF249501C2},604,My,ten,Bisseker,6444BP,94,Populierenstraat,mbissekergr@ca.gov,+86 (232) 729-4101
{C9C6B838-BB07-40ED-AF6A-B4E33C34BCDA},484,Kathi,,Zorn,5466PW,75,Bernard van Damstraat,kzorndf@joomla.org,+420 (811) 733-2046
{CA6CAC67-3BE0-4AA6-8016-B5034328CBE5},628,Lindsey,ten,Semeniuk,3903KH,19,Electronenstraat,lsemeniukhf@dailymail.co.uk,+62 (136) 527-4395
{18FC79AB-E519-4B3D-8EFA-B52309FB1C38},646,Ealasaid,,MacLeese,6235CS,32,Albert Schweitzerstraat,emacleesehx@netvibes.com,+62 (612) 135-6496
{60666981-4F4E-41A2-B34C-B5503B488370},651,Jonis,van den,Harper,1991GL,43,Zwanebloembocht,jharperi2@sakura.ne.jp,+970 (979) 918-9868
{56A88BD1-4D28-40B1-8762-B62B2C6FBF9B},939,Nydia,ten,Tipens,7609TJ,56,De Pelikaan,ntipensq2@angelfire.com,+62 (377) 908-2846
{5B775E00-B029-4ADA-B988-B62D08F2D81D},903,Dolorita,,Stebbin,8141ND,34,Rozendaelseweg,dstebbinp2@princeton.edu,+66 (522) 392-4092
{DA2E0BAE-00F4-4735-A92F-B65C9B3EAACA},919,Neville,ten,Olenichev,9601MA,56,Produktieweg,nolenichevpi@google.cn,+52 (663) 936-5469
{3C248BDD-06FE-4A80-BF47-B67DBF85D2EA},789,Padgett,ter,Ryal,8081RS,44,Enkweg,pryallw@deviantart.com,+66 (992) 180-4252
{25DF314E-6483-46FF-B353-B7E09F6D9D3B},535,Othelia,ter,Lidbetter,3471HA,50,Houtkade,olidbettereu@utexas.edu,+84 (774) 397-7774
{283CA6B2-311E-4C74-83E6-B7FFCF2E645E},392,Sutton,ten,Burbidge,9728SN,46,A. Morostraat,sburbidgeav@google.com.au,+63 (952) 451-0112
{3F1DB9DF-79DE-48AA-A736-B82FD5D79828},69,Polly,ten,Supple,3762GK,89,Wiardi Beckmanstraat,psupple1w@phpbb.com,+34 (305) 140-9869
{84E54E23-4D5C-42DB-AAA5-B87951C422E8},237,Drusie,,Addicott,1075RV,60,Baarsstraat,daddicott6k@google.co.jp,+86 (165) 763-9445
{7F899A6B-7CF6-4723-8E55-B8B85550F0B8},990,Granger,ter,Dimitrov,1825TJ,44,Hof van Luxemburg,gdimitrovrh@amazon.de,+509 (866) 221-9815
{938DEAD9-9C9B-4C6F-9901-B8C7D24BD584},325,Jessie,ten,Grayshan,6534ZL,85,Topaasstraat,jgrayshan90@home.pl,+255 (165) 463-7666
{9E10C896-4DB2-4828-A23B-B8F78EFAC83C},689,Alessandra,,Grainger,1052SJ,25,Da Costakade,agraingerj4@tripadvisor.com,+380 (472) 403-4421
{71DDCC11-3140-4995-B88A-B9039B478E8A},655,Hilary,ter,Bamling,5754DH,30,Patrijs,hbamlingi6@odnoklassniki.ru,+86 (446) 168-3079
{1F439192-1995-4F1B-AFFA-B96D825878CF},476,Eveline,van den,Hune,4761AM,37,Prins Clausstraat,ehuned7@unblog.fr,+48 (726) 443-1557
{CB571B2D-E488-401D-83AF-BA3E39A3EACF},130,Jacynth,van den,Kirwan,5421JM,52,Burgemeester de Bekkerlaan,jkirwan3l@webs.com,+62 (163) 456-5347
{C33602DB-D8EB-4906-B3EE-BAADC758387D},838,Donnamarie,,Hebner,5986BE,37,Mgr. v.d. Marckstraat,dhebnern9@gizmodo.com,+33 (118) 968-2627
{450AEC0F-81C5-47F6-97E8-BADB71C2D211},37,Raviv,ter,Esslement,3812XZ,30,Jasmijnstraat,resslement10@tiny.cc,+62 (943) 472-2814
{054FFC7C-F8E9-4295-BB9B-BB38A3BA3B85},41,Guglielmo,,Wolffers,5101TT,92,Marsstraat,gwolffers14@wired.com,+46 (227) 362-8158
{C1926339-A6CA-4B46-8562-BC04A02F053C},386,Candy,,Joll,9151HM,17,Stelwagenreed,cjollap@umich.edu,+81 (908) 188-3323
{1B22A13E-9824-47A3-ACBC-BC1D7D9D201A},841,Marie,ten,McCritchie,7603VV,66,Evertsenstraat,mmccritchienc@xing.com,+502 (639) 981-4767
{E785B7BC-25DF-4A96-AE10-BCA15EDFA85F},378,Delia,ter,Quillinane,7025CH,35,Potronsdijk,dquillinaneah@sourceforge.net,+375 (837) 305-0036
{65916EDA-3692-4216-9E50-BCA737101C88},989,Elsworth,,Elphee,1108GX,43,Liendenhof,eelpheerg@technorati.com,+1 (334) 241-5914
{B7685BB8-3FBD-4649-96C3-BD505CD3A97A},593,Adena,,Curnock,8471MJ,43,Ir.Lelylaan,acurnockgg@salon.com,+63 (490) 996-8366
{CD08F4F3-CE64-41ED-9CB6-BD606680B3F5},640,Cordie,,Shelford,9649GM,1,Kerkstraat,cshelfordhr@bandcamp.com,+54 (729) 885-6428
{95D154C3-EAE3-4157-B5D4-BD6B81BF604A},486,Blisse,,Cassimer,5705JB,19,Overspoor,bcassimerdh@cyberchimps.com,+420 (803) 113-0708
{128242FC-6D7F-4672-A31D-BE31A5BE77FB},923,Hester,,Bigglestone,7901GC,3,Ruysdaelstraat,hbigglestonepm@free.fr,+33 (174) 653-8239
{823F7CB1-ECAB-46DE-9359-BE7EC14BD01F},216,Alexa,ter,Swancott,7021GE,70,Hendrik Mesdagstraat,aswancott5z@blog.com,+84 (597) 682-1628
{4FB023BA-4181-413B-81FF-BFB34661C5B6},54,Rusty,,Greenin,6932BD,82,De Leigraaf,rgreenin1h@reddit.com,+7 (131) 762-7464
{68FA82C4-78B0-4252-A255-C01F7BC399FE},561,Julio,ten,McClaughlin,6826RC,96,Karel Doormanstraat,jmcclaughlinfk@acquirethisname.com,+46 (534) 575-3190
{20E9505F-36EF-40F9-88F7-C02E60F9A997},31,Fredric,,Opfer,9407CN,27,Buitenes,fopferu@dyndns.org,+7 (931) 849-0579
{E8ACB7C1-89A0-4758-B587-C08E5594884A},505,Rocky,ten,Gregoletti,3521CB,16,Croeselaan,rgregolettie0@redcross.org,+48 (489) 595-5766
{8C29037C-5523-465B-A845-C09F08F2D271},663,Pattie,,Lodewick,1824DW,82,Burgpoelwaard,plodewickie@dyndns.org,+351 (111) 810-9858
{E75E6F64-070C-4F6A-AF70-C0BEEE682741},139,Fabio,ter,Morsley,1074GH,4,Saffierstraat,fmorsley3u@cbc.ca,+963 (941) 156-6597
{A0D09D2C-3783-4A45-9E91-C0C623F7D603},93,Janos,ten,Hammett,7913VG,10,Langedijk,jhammett2k@cornell.edu,+84 (135) 129-1633
{C360B23B-A38A-450C-B472-C10FF5A738B8},122,Rhianon,te,MacSkeaghan,6659BC,92,Hollenhof,rmacskeaghan3d@phpbb.com,+86 (400) 463-4746
{3C29CCD0-127F-4DBB-8CDD-C238577A23BB},24,Adriane,ten,McGonigal,4112NL,72,De Bosjes,amcgonigaln@naver.com,+63 (387) 920-2524
{B5ACA72A-A22D-414C-AC32-C2497ADFBA4D},551,Tamara,ter,Buxsey,6181NA,5,Dijkweg,tbuxseyfa@g.co,+880 (400) 923-1201
{6655E485-6195-4206-BB5B-C2600F8105F4},47,Lyndsie,ten,McChesney,9104GS,80,Dammeloane,lmcchesney1a@nytimes.com,+52 (678) 604-6474
{33C2A236-0BD1-44C0-958A-C279C56132C0},208,Benjy,,Ondrich,1431JE,83,Berkenlaan,bondrich5r@jugem.jp,+86 (617) 548-0777
{FA0C09AE-DE93-4A58-AA82-C301F78792E4},618,Gerome,ter,Delagua,9502WL,66,Grutto,gdelaguah5@deliciousdays.com,+63 (632) 935-5825
{1C5E8203-1E60-49FB-8D74-C320902E63EC},4,Camala,von,Reggler,3402DJ,47,Armstronghof,creggler3@webs.com,+48 (873) 601-0837
{F92B548D-950A-4E06-BFA2-C33E22B0E0A2},891,Marje,ten,Gatrill,3633AS,31,Lindengracht,mgatrilloq@japanpost.jp,+86 (612) 848-1240
{827C2AF0-F3A3-4433-BC32-C38FAE5490ED},968,Cherlyn,ter,Hechlin,7555WB,62,Hunzestraat,chechlinqv@shareasale.com,+62 (752) 720-6107
{D865EAFF-2E51-4B96-943E-C4822FE5CDCE},667,Janice,ten,Cristofari,9418RA,81,De Goorns,jcristofariii@blog.com,+33 (322) 373-7318
{3578F78D-205A-475B-A99D-C4AD3F0429CE},574,Tammy,ten,Passy,6191DB,75,Doctor Beckersstraat,tpassyfx@people.com.cn,+62 (699) 654-0507
{38B4E27A-EBC0-46B3-8A4A-C4C8D6F957A0},58,Adrienne,,Drakes,4818HH,35,Wethouder Romboutsstraat,adrakes1l@zimbio.com,+86 (262) 330-1548
{6D97805D-F60B-4D1D-97CB-C57A52FE9679},187,Ronny,ten,Calkin,1562GJ,67,Krommeniedijk,rcalkin56@scientificamerican.com,+63 (182) 117-2530
{F70BA54D-634E-4B62-B990-C6236CF4DF84},471,Alistair,,Pond-Jones,9711TM,50,Oudeweg,apondjonesd2@mediafire.com,+7 (291) 353-0647
{D31B6E14-084D-4466-A200-C6499BA17724},521,Rafi,ter,O' Clovan,5464PS,27,Ketelven,roclovaneg@nasa.gov,+420 (561) 238-1558
{CFE985C1-078C-4701-8AEE-C6B003BD11CD},126,Milzie,,Tofanelli,4906MG,24,Heideven,mtofanelli3h@theatlantic.com,+269 (683) 455-4283
{488BAB06-A9E9-4285-B49E-C6C029425662},963,Nicolina,,Camber,6447EA,59,Windmolenweg,ncamberqq@usatoday.com,+62 (931) 477-3806
{9EC13A89-8526-4A98-8686-C7BF1EADDF1F},609,Pennie,van den,Bottoms,1824XJ,54,Muiderwaard,pbottomsgw@miibeian.gov.cn,+387 (618) 228-3756
{0CE4A9C5-621A-4116-BE23-C7DC8CBEBD8C},869,Gav,ter,Glowinski,5451PL,46,Veldweg,gglowinskio4@engadget.com,+255 (239) 725-8356
{6D3B90A8-7E7D-4D05-B3A0-C81F341FF02D},260,Honey,ter,Boundy,3862GS,48,Francklaan,hboundy77@sogou.com,+32 (501) 405-5274
{5EDDCC32-B3B8-4E5E-9A8E-C838A2E792C1},129,Patrice,,Cromblehome,5348GL,66,Fazantstraat,pcromblehome3k@wp.com,+234 (810) 703-6442
{52D6F386-B501-40A9-8A08-C8601C93CBD5},600,Merrel,,Iacobacci,6269DD,78,Van Schaluynhofstraat,miacobaccign@gmpg.org,+46 (446) 932-3520
{CD184B67-10A2-4C1C-A481-C8661AB0D9AE},992,Killy,ten,Parkins,2134CA,1,Atletiekstraat,kparkinsrj@cnet.com,+46 (643) 541-1603
{20F194BC-A109-46D5-AB07-C90B294B2A8B},14,Shurlocke,ter,Mobberley,5445NG,61,Boekelsebaan,smobberleyd@buzzfeed.com,+62 (540) 482-5120
{29BF88D0-DC1C-4868-9C6A-C9373BCF2A9A},777,Rudd,ter,Colton,1092VV,49,Retiefstraat,rcoltonlk@bizjournals.com,+591 (968) 675-9452
{D0B703DE-E282-4522-A3C1-C95D8B499371},191,Kailey,,Skirling,3766JE,84,Honingbij,kskirling5a@adobe.com,+86 (198) 397-3652
{AEDCCE31-6C1C-43AA-8754-CA257C96D00B},844,Artur,,Sempill,7313CC,53,Bosweg,asempillnf@jugem.jp,+387 (326) 746-9449
{910DF060-2F3D-4C73-BD92-CA2920411188},975,Dalila,,Harflete,9164MT,28,Noordhiem,dharfleter2@dagondesign.com,+55 (923) 301-3561
{661D2412-C634-42DB-BDF3-CA2930E9413B},916,Dorian,te,Mussard,9967RH,5,Tuinbouwstraat,dmussardpf@wisc.edu,+7 (426) 742-9960
{986082CA-23CA-4217-B80E-CA45827AF5F1},818,Dre,,O' Mulderrig,5627PN,58,Amienslaan,domulderrigmp@msu.edu,+62 (690) 751-4376
{5FF526ED-8644-42C6-943B-CACE885ECC3C},879,Donia,von,Manvelle,1063HS,79,Van Hanxleden Houwertstraat,dmanvelleoe@creativecommons.org,+46 (296) 390-0964
{EB42BD88-69DC-42DC-9B62-CB2F81135D56},993,Anitra,,Gircke,9411VA,17,Beilervaart,agirckerk@studiopress.com,+356 (815) 866-1884
{9B4BB426-3EE7-4033-97C6-CBA8E82C770E},387,Mandy,,Critoph,3951AJ,88,Fazantenlaan,mcritophaq@merriam-webster.com,+62 (458) 329-3964
{81E86403-E357-4635-BCDD-CBADF9BD5481},826,Darelle,,Haville,1067XT,66,Dirk Sonoystraat,dhavillemx@amazon.co.jp,+86 (849) 175-4423
{5C12D940-64C1-45F4-9D82-CBB0A2C2B242},595,Clarette,ten,Oris,4251KE,41,Zilverschoon,corisgi@state.gov,+86 (635) 892-6882
{FF631B2B-DAC8-498C-94BB-CBC409605BB6},394,Danica,ter,Livett,5146CG,60,Het Kanteel,dlivettax@dailymotion.com,+381 (545) 998-7025
{D17DADBB-DA27-4412-983D-CBCD8253AB9D},302,Iormina,,Howie,9354XC,22,de Haspel,ihowie8d@bing.com,+57 (861) 826-9284
{178E288B-D7BE-4343-AFFE-CBD27539DFF1},781,Kev,van den,Quinby,8606BN,84,de Bourbonstraat,kquinbylo@mapquest.com,+63 (710) 730-4494
{5D44236A-F966-4996-817A-CBF28E5D5F94},450,Durand,,Gaytor,1105BE,3,Paasheuvelweg,dgaytorch@shareasale.com,+33 (600) 197-2660
{AF9E0B28-F39C-4167-B709-CC259374ACEF},359,Merrill,ten,Turville,1404HN,62,Mariastraat,mturville9y@latimes.com,+225 (199) 662-6466
{3E17FB17-3CD1-4A49-902F-CCDC41456C0D},358,Cornall,,Rush,1272AZ,67,Jacob van Heemskerkstraat,crush9x@slate.com,+387 (801) 435-5869
{57286306-1649-48D7-86D0-CD3813DB1559},458,Violetta,ter,Alloway,1794HP,78,Koningsweg,vallowaycp@topsy.com,+62 (165) 911-3354
{56BCF72F-A240-4A1A-8DC0-CDB4FAC36037},231,Selie,,Manlow,7201KE,12,Turfstraat,smanlow6e@miitbeian.gov.cn,+86 (754) 521-5406
{D9C07B50-7FEE-4495-B814-CDE874B9946D},746,Skylar,,Diviney,6603JM,71,Klompenmaker,sdivineykp@behance.net,+963 (148) 666-4407
{A71C39F7-8C5D-4177-8655-CF37D896FDAF},761,Micah,,Berridge,5625BV,33,Sanderijnstraat,mberridgel4@answers.com,+880 (351) 311-7809
{F10D2C66-D28A-4292-A526-CF9DE4AB6EF4},470,Amelie,ter,Bottoms,6681TT,82,Dwarsdijk,abottomsd1@prweb.com,+62 (708) 836-9581
{2715A04C-A393-44FD-94D2-D00DFCD8EDD0},782,Ebba,,Pasque,1823AT,67,Lepelaarstraat,epasquelp@webeden.co.uk,+58 (141) 749-3288
{20AAA9DC-2154-4BC6-A12F-D02E34DFC524},678,Cointon,van den,Yon,6573BP,10,Sprongstraat,cyonit@netscape.com,+86 (138) 979-2570
{3EEBBB82-D3A1-43CE-90E7-D03A4802BAC7},107,Shelia,,Kitcherside,7608KZ,36,Weerestein,skitcherside2y@huffingtonpost.com,+62 (904) 262-6346
{64FE2675-227B-4E3C-909E-D12C6A736686},347,Luis,ten,Learmonth,4907RB,28,Dirk Boutslaan,llearmonth9m@census.gov,+27 (264) 237-7229
{BDBBF223-BB3C-4E67-9D4C-D1444DAC631E},693,Nannie,te,Lushey,5021GH,50,Merodeplein,nlusheyj8@comsenz.com,+242 (141) 162-8032
{228E9EB7-AE83-4288-B7A1-D19BF8B1EEC9},941,Marcus,ten,Anten,7136LD,19,Kevelderstraat,mantenq4@hp.com,+359 (601) 713-3059
{B5F4A6A0-4CA1-439E-A58C-D1F089A74D21},373,Jeane,,Kiraly,7413RX,60,Middelweg,jkiralyac@bigcartel.com,+7 (267) 610-3464
{2B4E0AC1-E94F-4C05-AFC6-D201CFCF0200},537,Adriaens,ten,Gurner,5046NK,12,IJskelderstraat,agurnerew@bing.com,+263 (198) 231-5022
{7A1EF13D-88DC-4F73-AE92-D2A1D55ADA2D},81,Larina,,Thackston,8932EW,68,Hollanderstraat,lthackston28@bbb.org,+234 (679) 978-9165
{3C0DFC3C-E02D-4790-AC3D-D2CC6F5D4539},676,Florence,,Birchett,4105TR,31,Krooneend,fbirchettir@1und1.de,+7 (592) 881-0641
{241EA337-2D86-4E93-B9DB-D2F6B9FB9F84},780,Regine,,Snaith,9351TR,53,Baroklaan,rsnaithln@biblegateway.com,+86 (934) 996-9196
{FD84A36A-5FF5-42A5-87ED-D337B5810B2A},280,Karilynn,,Dougan,7077AE,94,Walburgisplein,kdougan7r@i2i.jp,+595 (444) 470-1299
{7D7C142E-3607-485C-A5B6-D378BB5FD3F1},261,Angy,ten,Borg-Bartolo,4101WS,31,Noteboom,aborgbartolo78@live.com,+1 (179) 962-1095
{7AD1641B-447B-4742-B4E7-D42542597C8A},562,Annadiana,,Barnfather,1544CA,4,Koperslagerstraat,abarnfatherfl@quantcast.com,+81 (152) 756-2908
{238FFDD3-9591-4348-9473-D4333BF1314D},771,Greggory,ten,Twitty,6043WR,54,Faunasingel,gtwittyle@booking.com,+351 (271) 232-6195
{9BF3DB7C-6236-4AFB-84B6-D47A13578C88},829,Eulalie,ter,Zanotti,4891AA,13,Bungalowpark,ezanottin0@yellowbook.com,+420 (627) 850-4533
{DFE3D5FC-C139-42AE-93ED-D5D2C1A6A2FE},834,Derward,ten,Farquharson,5401HC,64,Julianastraat,dfarquharsonn5@gnu.org,+994 (998) 403-0547
{F9F0C6AB-45B6-4719-97BF-D6CA66795085},309,Ronnie,ten,Chewter,5921HW,34,2e Lambertusstraat,rchewter8k@4shared.com,+86 (495) 274-6771
{CC50EDEC-BC54-415C-B9BD-D6F2979665FA},415,Marlie,ten,Thornbarrow,5825CN,76,Snejerspad,mthornbarrowbi@bbb.org,+55 (339) 430-5361
{0F6A8A65-E2A0-4869-A60E-D709A642D857},281,Luz,,Scaysbrook,9035GM,33,Jaachpaad,lscaysbrook7s@clickbank.net,+62 (518) 422-6785
{44408CB9-5CD7-4512-AB3D-D7FFEE3E7FF3},10,Petronia,,Longhorne,9963PB,78,Baron van Asbeckweg,plonghorne9@wsj.com,+420 (177) 791-2277
{D96FCF0D-3031-447B-91E8-D8079288659B},775,Ursala,van den,Castellaccio,9741KR,43,Hazelaarstraat,ucastellaccioli@foxnews.com,+86 (998) 239-4391
{B55B98D0-7EE4-4FBD-91AC-D8816667C6A4},801,Velma,,Allchorn,7678CJ,34,Olde Mensink,vallchornm8@slashdot.org,+225 (243) 320-7575
{DDE9AEB5-40EE-4864-84A3-D893546E3DFA},372,Rodolphe,te,Armes,5671AS,44,Boordseweg,rarmesab@nytimes.com,+62 (354) 271-4797
{C931C2ED-5655-4E4E-A39D-D95D1305CA82},451,Clotilda,ter,Offield,7902HV,24,Reinder Eikelboomstraat,coffieldci@themeforest.net,+54 (548) 358-1783
{6563FD61-5D75-4679-8957-D97153C44FDC},207,Lissy,von,McPhee,3956KE,19,Scherpenzeelseweg,lmcphee5q@gravatar.com,+57 (745) 350-7657
{FA26F1C4-E116-4EE3-A305-D9731757DF9E},766,Dorena,,Rizzini,1312WX,100,Tubastraat,drizzinil9@dot.gov,+86 (333) 688-5651
{82FD7FF9-C072-43CA-B69F-D994E5A90661},577,Kelci,te,Reichardt,4861AP,73,Withagen,kreichardtg0@prweb.com,+86 (153) 789-2112
{52FD6BEC-1EB5-4A6B-B443-D9A1E30FB48B},105,Davon,van den,Starbuck,5045EB,73,Metslawierstraat,dstarbuck2w@xinhuanet.com,+62 (952) 482-0574
{5B6DB35C-4700-4C05-BA3E-D9AEF84D0D66},641,Ilysa,,Couch,9746AH,35,James Baldwinstraat,icouchhs@forbes.com,+48 (775) 692-0528
{084BC61A-DE84-4E53-A720-D9DABDABA58B},523,Javier,te,Drake,1217LB,11,Burgemeester Lambooylaan,jdrakeei@scientificamerican.com,+86 (562) 441-0965
{C74F7DBB-4F49-4525-AA9E-DA663CAF87F2},854,Elyn,te,Gibbie,7951SE,58,Weth Hulsstraat,egibbienp@sina.com.cn,+86 (517) 503-6229
{A515886E-8635-4E77-AF37-DB0BE89F60E4},984,Judye,ten,Lemonby,6882MG,8,Brugweg,jlemonbyrb@google.es,+86 (317) 493-6752
{5057F93B-D5E2-4780-8762-DB1C1B6CEFE1},190,Pete,ter,Venneur,9726BR,64,Theodorus Niemeyerstraat,pvenneur59@cloudflare.com,+86 (731) 523-7185
{62C629F3-D246-48FC-9425-DBE4E86FC9A2},272,Friedrich,,Garnsworthy,2024RE,12,Herculesstraat,fgarnsworthy7j@mayoclinic.com,+66 (991) 596-6451
{3993DC8E-3CD1-41FE-8ACB-DCDDDE0AF3F1},175,Kyla,,Fache,5152JT,76,Birmalaan,kfache4u@hao123.com,+62 (849) 745-4877
{4174BEC1-53B2-4EEA-B6A3-DCEAF0693EEB},440,Darwin,te,McGeorge,6041BD,55,Jan Amentstraat,dmcgeorgec7@symantec.com,+972 (485) 226-6515
{A22E256E-B802-40F6-AE92-DD597F02D9D3},221,Bobette,te,Coupland,4251BK,33,Keizerstraat,bcoupland64@hp.com,+86 (161) 637-2133
{75202041-1551-4087-B172-DDAC7B6FB1B3},575,Benedicta,ter,Cadge,7812VC,50,Bruntingerbrink,bcadgefy@goodreads.com,+86 (406) 445-5061
{5B2FD177-D3D3-4CB4-AC00-DE1F483B9115},268,Frayda,te,Solman,5961TZ,91,Loevestraat,fsolman7f@globo.com,+387 (697) 156-5062
{F40394C2-A060-4812-A0A8-DE649FBF2CA5},811,Gerrard,von,Longlands,5737PP,61,Achterbosch,glonglandsmi@jugem.jp,+86 (500) 428-2561
{B9F00A4E-223F-441C-9451-DEBE2B09E678},863,Dorothea,ten,Beldan,6999AZ,89,Margrietlaan,dbeldanny@gov.uk,+57 (271) 598-5884
{615FACEC-9D04-41B7-9F40-DEE0FA40A865},119,Katrina,,Radford,1359JZ,11,Veldweg,kradford3a@networksolutions.com,+46 (513) 893-2087
{D73854EA-9F11-46C9-993C-DFD97CD2D5E6},725,Gonzalo,,Livingstone,6525EM,29,Laan van Scheut,glivingstonek4@usnews.com,+7 (253) 391-1441
{0B7AED35-A84D-4B93-8ECC-DFFD6D077E0C},995,Con,,Bolduc,5294NB,73,Koudenbergstraat,cbolducrm@gnu.org,+57 (475) 652-1440
{074A5A7A-0E74-4B2D-8EAE-E0702B676581},410,Linell,,Strewther,7245EA,88,Het Schoneveld,lstrewtherbd@bbb.org,+256 (445) 645-7485
{EA2328DA-8ECB-4A2C-992B-E0FC729F5A58},860,Chrotoem,,Dobby,1032BN,98,Nigellestraat,cdobbynv@studiopress.com,+48 (851) 579-2754
{3081A70D-4488-4150-969F-E14BA7EF420A},1000,Leonard,,Thunnerclef,3824PG,20,Parnaskruid,lthunnerclefrr@de.vu,+48 (830) 426-8835
{58757458-2E71-4836-AFFD-E16D7FA04B22},653,Nevins,,Linsley,5062DB,31,Mgr. Poelsstraat,nlinsleyi4@java.com,+86 (770) 685-5912
{5F5B7C36-9B85-429F-B1A7-E1C57CB62F81},527,Doug,,Carling,6363CA,54,Vink,dcarlingem@yolasite.com,+62 (751) 297-2138
{A4E5A31A-F7C6-44D2-ABC6-E2880D8F8D3F},856,Otes,,Mesant,5021EK,13,Groenstraat,omesantnr@gmpg.org,+33 (736) 722-8081
{5603BFDF-6754-4F1B-8C53-E2C8EE466617},215,Dulcie,,Agar,1759GE,39,Fazantenweg,dagar5y@cloudflare.com,+212 (614) 933-2463
{8DA99D45-EA4C-4010-A85C-E40341E38DDD},758,Danica,,Kubicki,9411VH,30,Beilervaart,dkubickil1@chron.com,+86 (901) 814-8729
{0B3A5AD2-776D-489F-B08C-E4943BBB5C6D},287,Haleigh,,Lethieulier,8225RW,30,Griend,hlethieulier7y@time.com,+351 (481) 410-2270
{ACF9FD52-75F3-4468-95B9-E49A2B455867},545,Alisa,te,Bertolaccini,3436GB,64,Aardbeigaarde,abertolaccinif4@linkedin.com,+86 (121) 394-2210
{44687FB6-55CC-4D92-AE24-E4EB7D9CDC0E},528,Rog,,Anthoine,9901TA,26,Alberdaweg,ranthoineen@wp.com,+358 (568) 468-8174
{8AC03AD7-624C-4127-861A-E5247F5E12CD},581,Britt,ten,Smitheram,3605GN,36,Zebraspoor,bsmitheramg4@furl.net,+60 (672) 911-7140
{969DDD2B-36C7-4097-9EC8-E5B7B0245EE7},610,Phil,,Chad,5463EH,87,van Diemenstraat,pchadgx@so-net.ne.jp,+7 (356) 561-1905
{CE43AA6C-26DE-4AE3-B9E1-E5E784825C95},174,Annadiana,van den,Bergstram,8264BX,26,Henk Steenbeekhof,abergstram4t@uol.com.br,+62 (474) 233-5312
{D7CA233F-BE5A-490E-8482-E60C38CEC852},142,Calli,te,Gilham,5151SE,51,Jozef Isra&#235;lsplantsoen,cgilham3x@earthlink.net,+33 (357) 462-2278
{F39D278B-39AE-49B7-8B4F-E630CF7F8781},915,Avictor,te,Edgin,6415CK,99,Harlingenstraat,aedginpe@ocn.ne.jp,+380 (300) 182-6459
{1C2E0CB1-A93F-4D76-A1AF-E6FBC0987CB6},684,Bennett,,Vakhrushev,1058VB,53,Theophile de Bockstraat,bvakhrusheviz@dmoz.org,+351 (780) 365-5609
{FD00840B-BA43-45AA-9DFC-E705BAA91A19},409,Fonsie,,Gilbey,1251HC,62,Veldweg,fgilbeybc@domainmarket.com,+94 (529) 517-8254
{0848950B-62B6-48E8-8B97-E747BC82CFA0},267,Vasilis,ten,Metrick,7532PN,17,Paul Krugerstraat,vmetrick7e@amazonaws.com,+62 (441) 331-8351
{5680868F-87E9-4047-A530-E76A6DE29DC2},867,Celestyna,,Bladder,9988SJ,24,Pieter Hutstraat,cbladdero2@live.com,+51 (381) 697-9267
{236A2B8B-07D0-402B-80F9-E77533D0C9F7},944,Felice,ten,Jemison,1312LP,50,Contrabasweg,fjemisonq7@flavors.me,+62 (501) 271-2990
{5A6376A3-B878-4C8B-AAA5-E7C2FF43BB6A},679,Delphinia,ten,McGeoch,6707DE,48,Julianastraat,dmcgeochiu@stumbleupon.com,+48 (969) 415-7279
{75A02132-0335-4789-BC17-E7F3ACA098A8},446,Viva,ter,Kurton,7761DK,86,De Maten,vkurtoncd@yandex.ru,+420 (743) 626-7203
{8B638F1C-385E-4A26-A612-E80F99A7DBB9},8,Dianna,,Edmund,5626AX,28,Merwedestraat,dedmund7@last.fm,+93 (185) 388-4970
{89AD595B-116B-44E3-ABE9-E8420566C350},491,Gustav,ten,Calley,2106ED,43,Frederik van Eedenplein,gcalleydm@redcross.org,+86 (515) 737-9642
{44435EE9-2D33-4F54-B94A-E866D6B3D514},220,Harcourt,te,Gever,6521ME,19,Rembrandtstraat,hgever63@xing.com,+63 (323) 872-4065
{33DB3CB4-D712-444C-BE72-E8B3E104B25A},463,Alva,ter,Currie,3511NA,24,Haverstraat,acurriecu@youku.com,+420 (766) 584-0253
{F10CF624-2461-457D-B95B-E94E18B1979C},727,Inigo,ten,Attwoull,6006HT,55,Dries,iattwoullk6@vkontakte.ru,+976 (228) 156-3504
{CB14F488-B851-4FA4-B8FB-EAC21AC43740},715,Brynne,,Thiese,7324CK,38,Mosklokje,bthieseju@godaddy.com,+63 (639) 813-1655
{1ACFDE41-768F-4C0C-8946-EAD0615B438B},955,Barron,ter,Serrell,3513GS,93,Enthofstraat,bserrellqi@over-blog.com,+7 (593) 607-7100
{111E4218-D3E1-4C50-9347-EB3C5C98A5F8},726,Wit,te,O'Henery,9746AC,77,Anna Blamanstraat,woheneryk5@nasa.gov,+64 (112) 184-8463
{7B8132F0-0F89-45E0-8FE5-EC26378B2568},333,Odie,,Clawe,7701JR,59,Hoofdvaart,oclawe98@ask.com,+86 (104) 679-1891
{D8F2909D-1BB4-411C-A488-ECD5BA7727EC},842,Norton,,Conville,3527GH,38,De Gasperilaan,nconvillend@digg.com,+386 (429) 685-9484
{8CB7606F-0727-4E0D-BFF1-ED4AAEF2BE6D},729,Nataniel,,Pritchitt,8281EH,26,Wilhelminalaan,npritchittk8@sfgate.com,+48 (613) 541-0416
{96B95069-381C-4A87-A4E3-ED61177DEEE9},348,Flemming,,Tissell,6651HJ,93,Nijenkamp,ftissell9n@ezinearticles.com,+373 (312) 346-4374
{649CF639-5339-4A0D-AFA9-ED9AACBAD6F4},251,Leroi,,Velte,1106VC,9,Opheusdenhof,lvelte6y@stanford.edu,+86 (605) 304-2142
{4FF482F7-79A3-46A3-96F1-EE470FA0A945},910,Marnie,,Goodlet,5171ZP,6,Meierijlaan,mgoodletp9@behance.net,+963 (374) 980-2140
{D9186364-C390-4F71-8DCB-EE5772714072},352,Jeni,te,Larn,6367GC,45,Hoolstraat,jlarn9r@hibu.com,+998 (163) 758-3111
{9C7DECB3-4E7E-4193-AFF3-EEB66B7A3BB7},204,Delbert,ten,Lavell,5451XN,85,Koperwiekstraat,dlavell5n@cafepress.com,+7 (794) 688-0039
{D0E42A6E-65E5-4323-BFF9-EECA0641E93F},753,Gwendolen,ten,Nannini,9101ZD,56,Fuut,gnanninikw@mapquest.com,+7 (604) 967-4607
{8CFC3AB5-344E-44CF-9204-EEDEF350D45C},815,Yorgo,te,Norster,3584DT,39,Cambridgelaan,ynorstermm@netlog.com,+262 (970) 954-1689
{14D93BF2-BE93-4549-9DDC-EEF7FC9A2EA2},555,Keelia,de,Greenman,3404ZA,87,Mexicohof,kgreenmanfe@fastcompany.com,+54 (404) 212-3297
{E8910409-6685-4169-A075-EF001DC2AD05},812,Shea,ten,Allsup,5628JE,15,Voornestraat,sallsupmj@wikimedia.org,+86 (109) 493-0742
{072CCBDC-1711-4A0B-BF9A-EF42DCA19D45},310,Midge,van de,Lydden,3533HH,99,Kanaalweg,mlydden8l@sitemeter.com,+86 (856) 925-8464
{D39F018A-7D3A-4A48-84DA-F049CD36F2E2},186,Buddy,,Merrick,3431EX,61,Rijnenborghstraat,bmerrick55@ca.gov,+86 (990) 512-4419
{263FB6BB-641D-42A8-9D9D-F0918D19D112},498,Mic,ten,Bosnell,4103WS,16,Hendrik Marsmanweg,mbosnelldt@shop-pro.jp,+351 (438) 761-2828
{CD9777DD-0DD6-4ABB-9656-F0C7E7FBED7C},345,Maxy,van der,Breward,9201XV,6,'t Swin,mbreward9k@auda.org.au,+375 (188) 356-0399
{CCEDC934-6EE0-4E38-A9AB-F137583B6A93},192,Ariel,,Flay,6741KK,15,Molenweg,aflay5b@examiner.com,+46 (517) 374-0526
{CF0456D0-6F48-49E6-B029-F1380DA484C1},973,Nertie,,Bucher,5912XG,31,Flamingostraat,nbucherr0@fastcompany.com,+58 (261) 443-6770
{F0DF3C21-382E-4C77-BA84-F15E8BD13BF6},669,Loni,ten,Neno,6374TE,35,Don Boscolaan,lnenoik@earthlink.net,+358 (367) 748-6592
{B641AF3B-08CE-4D27-BB51-F162FC44FBFD},327,Nataline,ter,Hayley,7705PH,8,Drogteropslagen,nhayley92@elpais.com,+420 (405) 981-5280
{F33467F0-9211-4F27-A20D-F182D02D47ED},252,Thia,ten,Pyper,7894DC,98,De Banken,tpyper6z@walmart.com,+82 (867) 240-2900
{2464A59C-6D25-445F-9C6D-F220FAC2B70C},286,Daveen,,Valasek,5928NT,83,Jachthavenweg,dvalasek7x@weebly.com,+95 (444) 343-0505
{432C82D7-C1F6-440B-B5B1-F23CCDFDAB4D},283,Clarence,ter,Mainston,9721CS,12,Rengersstraat,cmainston7u@histats.com,+86 (989) 459-6716
{0ED21527-AE80-40DB-B913-F2677909EC88},929,Sybil,,Sandeson,7141RC,96,Bontwerker,ssandesonps@facebook.com,+86 (177) 857-4681
{EC7C5073-7B4D-4DF9-86D6-F292A01BDE20},688,Letty,ten,Scantleberry,1217WJ,70,Joop van den Endeplein,lscantleberryj3@freewebs.com,+358 (431) 109-0420
{64D81491-2A9B-4C36-AF1F-F2AB92B08FB6},299,Welch,ten,Cholwell,6321PW,39,Oude Stokhemmerweg,wcholwell8a@weather.com,+48 (831) 466-4128
{691AA302-1E53-4FD5-A15A-F300307F3074},45,Christal,,Juliff,3994WE,67,Vuurvlinderberm,cjuliff18@1und1.de,+86 (682) 629-5539
{C7167318-CBE7-4CE5-A832-F30B678210AB},810,Davey,ten,Offa,8765LS,77,Baburen,doffamh@cpanel.net,+81 (800) 577-6865
{A1CA3982-9CEA-4084-9C4B-F46EDCB2D4C6},585,Cleve,,Umney,4709BJ,81,Kerkplein,cumneyg8@booking.com,+86 (415) 449-9639
{099AF05D-B30A-4535-AD97-F4BD59BB5E69},982,Dania,ten,Harcarse,1019CH,42,Veemarkt,dharcarser9@about.com,+7 (190) 412-6793
{0495149C-0BE9-4006-88A4-F4F03E181309},244,Barbabas,,Archard,1738BP,2,Jonkerstraat,barchard6r@gov.uk,+86 (716) 911-0540
{B7D762FA-4136-49A8-91F8-F50DC3E8FD45},374,Delila,ter,Rosita,6333BK,82,Hoofdstraat,drositaad@usa.gov,+86 (381) 829-4752
{33038466-0497-41FB-8C12-F54458319FC2},472,Jelene,,Fuchs,3812HS,89,Maasstraat,jfuchsd3@hexun.com,+47 (489) 109-4606
{2C43E183-0F96-45C7-8F75-F56F70D2DD66},723,Ezmeralda,,Dorricott,3247AD,7,Diderik van Zierikzeelaan,edorricottk2@vistaprint.com,+62 (210) 238-5465
{6B158925-F0AC-4DC6-B1B6-F5A501EB516E},462,Spense,,Beaver,8031GM,61,Klooienberglaan,sbeaverct@washington.edu,+98 (597) 755-4322
{050281C1-6880-4926-B868-F5BC3B4CABFA},592,Nita,te,Faint,6882DM,13,Willem van Kleefstraat,nfaintgf@bizjournals.com,+255 (273) 841-4781
{7A9A41E7-F483-4B0E-9C82-F648449695B3},583,Billie,,Byway,1078PM,58,Vrijheidslaan,bbywayg6@buzzfeed.com,+86 (323) 301-8431
{969569C0-8D54-4FD1-BF0E-F6E7F66F6374},178,Korie,,Beswick,9713KJ,86,Hortensialaan,kbeswick4x@gnu.org,+81 (241) 221-3781
{40FE7371-BCC9-4DDD-B159-F712B46B560D},5,Matthus,von,Belliard,6533ZB,79,van Peltlaan,mbelliard4@youtube.com,+62 (897) 666-1324
{EFF0AE47-B0C2-47B1-BEB8-F754856A0A98},249,Bride,ten,Killby,6374CC,60,Europaweg-Noord,bkillby6w@squarespace.com,+374 (970) 127-7266
{8F0E8C3E-2F6C-422F-B52C-F78B9826BAF2},314,Catherina,,Evitt,3995AX,60,De Molen,cevitt8p@amazon.co.uk,+86 (791) 508-1042
{F2B543D3-4BDB-43C7-B4FC-F7E9E2126371},547,Haskel,ten,Bogges,8442JC,27,Rembrandtlaan,hboggesf6@theatlantic.com,+86 (345) 785-2267
{A92FA2D2-CEA6-46B9-BDE2-F822C4C26469},590,Teresa,ter,Fagge,7077AJ,23,Acacialaan,tfaggegd@homestead.com,+7 (549) 909-9167
{3C69698B-46C6-435F-8A16-F82552092223},326,Gunther,,Tondeur,1115GZ,35,Abeelstraat,gtondeur91@wordpress.org,+61 (749) 100-0693
{1A91C343-1C1E-4155-8D47-F8314028C4B5},572,Blancha,,Glazyer,3871XL,36,Wouter van de Glindlaan,bglazyerfv@census.gov,+48 (656) 882-5759
{5F81119C-64BD-4217-A27E-F8588E2D8DB9},966,Rouvin,,Vannoort,3404DA,18,Zuiderparklaan,rvannoortqt@census.gov,+51 (533) 975-4815
{A30E9619-C413-478E-AF84-F86BD8429EB8},477,Lauree,,Syphus,6101DA,13,Nassauhof,lsyphusd8@economist.com,+86 (134) 317-9492
{224E0BB6-3BA6-4E45-9D66-F8AB387321B7},340,Zedekiah,ten,Milnthorpe,4731XH,55,Entstraat,zmilnthorpe9f@de.vu,+92 (834) 138-8540
{C64B5D20-8AEE-4ACE-AE16-FAB8386A6C02},988,Nikkie,,Brakespear,8861XA,66,Havenplein,nbrakespearrf@columbia.edu,+381 (394) 560-9869
{E8A2CAB3-1BF5-4A8A-804D-FAC214F632D2},932,Minni,,Andres,7415JD,48,Wezenland,mandrespv@umich.edu,+595 (212) 850-4767
{0802D4F0-7539-448D-8588-FAE0DCCC9E08},976,Robbie,ter,Bonas,7875AV,54,Larikslaan,rbonasr3@shutterfly.com,+48 (239) 451-0745
{27D7AA14-21B2-41C7-A617-FB0739D1D7A2},945,Faina,ter,MacIntosh,8924BP,80,Abeelstraat,fmacintoshq8@free.fr,+507 (862) 495-2054
{4027D5DB-8BB3-4AF7-B513-FB3C26A64068},677,Morlee,ter,Vanichev,4661HG,15,Korte Leeuwstraat,mvanichevis@google.ru,+63 (896) 615-7512
{182EF092-2C8D-49A5-ABFA-FB40D0C5677F},565,Marcos,,Skehan,8331RP,5,Rembrandtstraat,mskehanfo@bandcamp.com,+62 (207) 738-7373
{CD3315FD-733E-47C9-876C-FB60494EE3BB},902,Linette,ten,Faiers,8932HZ,45,Mesdagstraat,lfaiersp1@flavors.me,+55 (595) 309-0105
{F0DE4551-F0BE-4ACB-A710-FB8278059595},331,Myrtice,,Burn,8181SB,52,Kanaaldijk,mburn96@scientificamerican.com,+48 (945) 873-9387
{155F7E79-46FB-4415-8E83-FC203997E0E5},301,Virginie,,Hills,5481LM,26,H&#228;ndelstraat,vhills8c@1und1.de,+595 (306) 124-0403
{CF268B8C-6000-4708-9519-FC4CA642046F},354,Alisa,ter,Bore,8231JC,72,De Veste,abore9t@sogou.com,+7 (231) 945-2270
{A0B73E6B-21C0-4C8A-9A80-FC97D6913F05},668,Deena,ten,Dawidowitz,8425SN,75,Stokdijk,ddawidowitzij@simplemachines.org,+86 (971) 763-8452
{F7BCF83F-0159-4322-B278-FCD986DE1B40},196,Essy,,Caslane,9223LL,4,Ds. Visscherwei,ecaslane5f@cnbc.com,+86 (835) 724-2167
{26017900-E302-4004-91BC-FD1202ABD0C8},382,Rory,,Peele,7333AL,34,Oude Beekbergerweg,rpeeleal@elpais.com,+98 (686) 361-0028
{7CA8C23D-B6DF-44B5-9DE5-FD76A889A767},16,Kerwinn,de,Laugier,1261XD,70,Sint Josephweg,klaugierf@jugem.jp,+62 (393) 752-7583
{3ED607FB-559C-4C5B-A3BA-FE1A18D62B2A},785,Ahmed,te,Lanchbury,1093VD,88,Commelinstraat,alanchburyls@google.com.au,+66 (356) 970-3355
{F0C611EB-9B88-44D8-927B-FE42D5A57F5C},173,Orin,,Josipovic,7324AP,82,Tweelingenlaan,ojosipovic4s@thetimes.co.uk,+92 (360) 598-4613
{DE46A861-1522-4C84-A068-FE4B10C5C8DF},433,Easter,,Wetherburn,7543WT,58,Noordbrabantstraat,ewetherburnc0@facebook.com,+33 (295) 569-1436
{C25C2360-B57A-4D5C-8115-FF3163BBC389},660,Koralle,,McCathay,3893DM,94,Orion,kmccathayib@icq.com,+7 (351) 420-0188
{81351846-1DE6-400B-AB15-FF5F1AA08F0C},819,Marney,ter,Cheesley,3571BG,72,Schimmelpennincklaan,mcheesleymq@blogs.com,+229 (420) 648-7089
{923090F9-CD7F-48A6-83CF-FF7B4D980A24},364,Geraldine,,Odda,8434NE,55,Kruisweg,goddaa3@reddit.com,+55 (956) 869-5400
{FDC7219E-2CCB-4D31-B197-FFDA7133278D},607,Steven,ter,Barnewille,1339MK,23,Isla Margaritastraat,sbarnewillegu@admin.ch,+237 (312) 379-3285
